<< 15.03.2019 06:08:42 >>,0,X13_4B,Dichtpr?fung,-1,374UVX880BM4B39012302
<< 15.03.2019 06:08:42 >>,1,#9080,Clip,-1,374UVX880BM4B39012302
<< 15.03.2019 06:08:42 >>,14,B537_1B,CPA,-1,374UVX880BM4B39012302
<< 15.03.2019 06:08:42 >>,0,X13_4B,Dichtpr?fung,-1,374UVX880BM4B39012302
,,,,,
<< 15.03.2019 06:08:55 >>,9,X13_4B,Dichtpr?fung,-1,374UVX880BM4B39012302
<< 15.03.2019 06:08:55 >>,1,#73111,8B002363,-1,374UVX880BM4B39012302
,,,,,
,,,,,
,,,,,
<< 15.03.2019 06:11:58 >>,2,#9080,Clip,-1,374UVX880BM4B39012302
<< 15.03.2019 06:11:58 >>,8,X13_4B,Dichtpr?fung,-1,374UVX880BM4B39012302
<< 15.03.2019 06:11:58 >>,5,B435_1B,CPA,-1,374UVX880BM4B39012302
<< 15.03.2019 06:11:58 >>,1,#73111,8B002363,-1,374UVX880BM4B39012302
,,,,,
,,,,,
,,,,,
,,,,,
,,,,,
<< 15.03.2019 06:18:35 >>,0,X13_4B,Dichtpr?fung,-1,374UVX880BM4B39012302
<< 15.03.2019 06:18:35 >>,5,#9080,Clip,-1,374UVX880BM4B39012302
<< 15.03.2019 06:18:35 >>,14,B537_1B,CPA,-1,374UVX880BM4B39012302
<< 15.03.2019 06:18:35 >>,0,X13_4B,Dichtpr?fung,-1,374UVX880BM4B39012302
,,,,,
<< 15.03.2019 06:18:54 >>,6,X13_4B,Dichtpr?fung,-1,374UVX880BM4B39012302
<< 15.03.2019 06:18:54 >>,8,B435_1B,CPA,-1,374UVX880BM4B39012302
<< 15.03.2019 06:18:54 >>,1,#73111,8B002363,-1,374UVX880BM4B39012302
,,,,,
,,,,,
,,,,,
<< 15.03.2019 06:20:42 >>,1,A46_3B,,54,374UVX880BM4B39012302
<< 15.03.2019 06:22:37 >>,0,X13_4B,Dichtpr?fung,-1,374UVX880BM4B39012302
<< 15.03.2019 06:22:37 >>,1,#71675,Clip,-1,374UVX880BM4B39012302
<< 15.03.2019 06:22:37 >>,3,#9080,Clip,-1,374UVX880BM4B39012302
<< 15.03.2019 06:22:37 >>,105,B537_1B,CPA,-1,374UVX880BM4B39012302
<< 15.03.2019 06:22:37 >>,0,X13_4B,Dichtpr?fung,-1,374UVX880BM4B39012302
,,,,,
<< 15.03.2019 06:22:48 >>,7,X13_4B,Dichtpr?fung,-1,374UVX880BM4B39012302
<< 15.03.2019 06:22:48 >>,1,#73111,8B002363,-1,374UVX880BM4B39012302
,,,,,
,,,,,
,,,,,
<< 15.03.2019 06:25:32 >>,2,#9080,Clip,-1,374UVX880BM4B39012302
<< 15.03.2019 06:25:32 >>,8,B537_1B,CPA,-1,374UVX880BM4B39012302
<< 15.03.2019 06:25:32 >>,6,X13_4B,Dichtpr?fung,-1,374UVX880BM4B39012302
<< 15.03.2019 06:25:32 >>,1,#73111,8B002363,-1,374UVX880BM4B39012302
,,,,,
,,,,,
,,,,,
<< 15.03.2019 06:29:44 >>,2,#9080,Clip,-1,374UVX880BM4B39012302
<< 15.03.2019 06:29:44 >>,8,X13_4B,Dichtpr?fung,-1,374UVX880BM4B39012302
<< 15.03.2019 06:29:44 >>,0,B435_1B,CPA,-1,374UVX880BM4B39012302
<< 15.03.2019 06:29:44 >>,1,#73111,8B002363,-1,374UVX880BM4B39012302
<< 15.03.2019 06:29:44 >>,2,E357_1B,Kappe,-1,374UVX880BM4B39012302
,,,,,
,,,,,
,,,,,
<< 15.03.2019 06:41:41 >>,8,B435_1B,CPA,-1,374UVX880BM4B39012302
<< 15.03.2019 06:41:41 >>,2,#73111,8B002363,-1,374UVX880BM4B39012302
<< 15.03.2019 06:41:41 >>,219,B537_1B,CPA,-1,374UVX880BM4B39012302
,,,,,
<< 15.03.2019 06:41:50 >>,1,#73111,8B002363,-1,374UVX880BM4B39012302
,,,,,
,,,,,
,,,,,
<< 15.03.2019 06:45:25 >>,2,A46_3B,,54,374UVX880BM4B39012302
<< 15.03.2019 06:45:48 >>,0,#73111,8B002363,-1,374UVX880BM4B39012302
<< 15.03.2019 06:45:48 >>,3,#9080,Clip,-1,374UVX880BM4B39012302
<< 15.03.2019 06:45:48 >>,14,X1398_1B,CPA,-1,374UVX880BM4B39012302
<< 15.03.2019 06:45:48 >>,0,#73111,8B002363,-1,374UVX880BM4B39012302
,,,,,
<< 15.03.2019 06:45:52 >>,2,#73111,8B002363,-1,374UVX880BM4B39012302
,,,,,
,,,,,
,,,,,
<< 15.03.2019 06:52:55 >>,4,M253_1B,Kappe1,-1,374UVX880BM4B39012302
<< 15.03.2019 06:52:55 >>,6,X13_4B,Dichtpr?fung,-1,374UVX880BM4B39012302
<< 15.03.2019 06:52:55 >>,1,#73111,8B002363,-1,374UVX880BM4B39012302
,,,,,
,,,,,
,,,,,
<< 15.03.2019 06:55:09 >>,1,B435_1B,Dichtpr?fung,-1,374UVX880BM4B39012302
<< 15.03.2019 06:55:09 >>,11,B435_1B,CPA,-1,374UVX880BM4B39012302
<< 15.03.2019 06:55:09 >>,1,B435_1B,Dichtpr?fung,-1,374UVX880BM4B39012302
,,,,,
<< 15.03.2019 06:55:13 >>,1,#73111,8B002363,-1,374UVX880BM4B39012302
,,,,,
,,,,,
,,,,,
<< 15.03.2019 06:58:16 >>,4,#9080,Clip,-1,374UVX880BM4B39012302
<< 15.03.2019 06:58:16 >>,9,B537_1B,CPA,-1,374UVX880BM4B39012302
<< 15.03.2019 06:58:16 >>,4,X13_4B,Dichtpr?fung,-1,374UVX880BM4B39012302
<< 15.03.2019 06:58:16 >>,1,#73111,8B002363,-1,374UVX880BM4B39012302
,,,,,
,,,,,
,,,,,
<< 15.03.2019 07:06:13 >>,148,B537_1B,,2,374UVX880BM4B39012302
<< 15.03.2019 07:06:13 >>,148,B537_1B,,2,374UVX880BM4B39012302
,,,,,
<< 15.03.2019 07:06:35 >>,0,A46_3B,,54,374UVX880BM4B39012302
<< 15.03.2019 07:06:35 >>,12,B537_1B,,2,374UVX880BM4B39012302
<< 15.03.2019 07:06:35 >>,0,A46_3B,,54,374UVX880BM4B39012302
,,,,,
<< 15.03.2019 07:06:40 >>,3,A46_3B,,54,374UVX880BM4B39012302
<< 15.03.2019 07:07:25 >>,40,B537_1B,CPA,-1,374UVX880BM4B39012302
<< 15.03.2019 07:07:25 >>,2,#9080,Clip,-1,374UVX880BM4B39012302
<< 15.03.2019 07:07:25 >>,40,B537_1B,CPA,-1,374UVX880BM4B39012302
,,,,,
<< 15.03.2019 07:10:38 >>,4,B537_1B,Dichtpr?fung,-1,374UVX880BM4B39012302
<< 15.03.2019 07:10:38 >>,5,X13_4B,Dichtpr?fung,-1,374UVX880BM4B39012302
<< 15.03.2019 07:10:38 >>,1,#73111,8B002363,-1,374UVX880BM4B39012302
<< 15.03.2019 07:10:38 >>,157,B537_1B,CPA,-1,374UVX880BM4B39012302
<< 15.03.2019 07:10:38 >>,10,Y195_1B,Kappe,-1,374UVX880BM4B39012302
,,,,,
<< 15.03.2019 07:11:00 >>,7,B537_1B,,2,374UVX880BM4B39012302
<< 15.03.2019 07:11:00 >>,2,B537_1B,,1,374UVX880BM4B39012302
<< 15.03.2019 07:17:42 >>,1,B435_1B,CPA,-1,374UVX880BM4B39012302
<< 15.03.2019 07:17:42 >>,395,B537_1B,CPA,-1,374UVX880BM4B39012302
<< 15.03.2019 07:17:42 >>,1,B435_1B,CPA,-1,374UVX880BM4B39012302
,,,,,
<< 15.03.2019 07:17:51 >>,3,B435_1B,CPA,-1,374UVX880BM4B39012302
<< 15.03.2019 07:17:51 >>,1,#73111,8B002363,-1,374UVX880BM4B39012302
,,,,,
,,,,,
,,,,,
<< 15.03.2019 07:20:02 >>,8,B537_1B,CPA,-1,374UVX880BM4B39012302
<< 15.03.2019 07:20:02 >>,6,X13_4B,Dichtpr?fung,-1,374UVX880BM4B39012302
<< 15.03.2019 07:20:02 >>,4,B435_1B,CPA,-1,374UVX880BM4B39012302
<< 15.03.2019 07:20:02 >>,1,#73111,8B002363,-1,374UVX880BM4B39012302
,,,,,
,,,,,
,,,,,
<< 15.03.2019 07:21:51 >>,1,Y195_1B,Kappe,-1,374UVX880BM4B39012302
<< 15.03.2019 07:21:51 >>,12,B537_1B,CPA,-1,374UVX880BM4B39012302
<< 15.03.2019 07:21:51 >>,1,Y195_1B,Kappe,-1,374UVX880BM4B39012302
,,,,,
<< 15.03.2019 07:22:06 >>,4,Y195_1B,Kappe,-1,374UVX880BM4B39012302
<< 15.03.2019 07:22:06 >>,4,X13_4B,Dichtpr?fung,-1,374UVX880BM4B39012302
<< 15.03.2019 07:22:06 >>,1,#73111,8B002363,-1,374UVX880BM4B39012302
,,,,,
,,,,,
,,,,,
<< 15.03.2019 07:26:37 >>,146,M253_1B,,3,374UVX880BM4B39012302
<< 15.03.2019 07:26:37 >>,146,M253_1B,,3,374UVX880BM4B39012302
,,,,,
<< 15.03.2019 07:26:58 >>,2,M253_1B,,3,374UVX880BM4B39012302
<< 15.03.2019 07:26:58 >>,4,A46_3B,,54,374UVX880BM4B39012302
<< 15.03.2019 07:27:03 >>,1,B537_1B,CPA,-1,374UVX880BM4B39012302
<< 15.03.2019 07:27:03 >>,1,#9080,Clip,-1,374UVX880BM4B39012302
<< 15.03.2019 07:27:03 >>,1,B537_1B,CPA,-1,374UVX880BM4B39012302
,,,,,
,,,,,
<< 15.03.2019 07:28:45 >>,1,X1398_1B,,4,374UVX880BM4B39012302
<< 15.03.2019 07:29:07 >>,1,X13_4B,Dichtpr?fung,-1,374UVX880BM4B39012302
<< 15.03.2019 07:29:07 >>,1,#9080,Clip,-1,374UVX880BM4B39012302
<< 15.03.2019 07:29:07 >>,15,B537_1B,CPA,-1,374UVX880BM4B39012302
<< 15.03.2019 07:29:07 >>,1,X13_4B,Dichtpr?fung,-1,374UVX880BM4B39012302
,,,,,
<< 15.03.2019 07:29:17 >>,5,X13_4B,Dichtpr?fung,-1,374UVX880BM4B39012302
<< 15.03.2019 07:29:17 >>,1,#73111,8B002363,-1,374UVX880BM4B39012302
,,,,,
,,,,,
,,,,,
<< 15.03.2019 07:30:44 >>,1,#9080,Clip,-1,374UVX880BM4B39012302
<< 15.03.2019 07:30:44 >>,5,X13_4B,Dichtpr?fung,-1,374UVX880BM4B39012302
<< 15.03.2019 07:30:44 >>,1,#73111,8B002363,-1,374UVX880BM4B39012302
,,,,,
,,,,,
,,,,,
<< 15.03.2019 07:32:55 >>,51,X1398_1B,,4,374UVX880BM4B39012302
<< 15.03.2019 07:32:57 >>,0,#9080,Clip,-1,374UVX880BM4B39012302
<< 15.03.2019 07:32:57 >>,0,#9080,Clip,-1,374UVX880BM4B39012302
,,,,,
<< 15.03.2019 07:33:17 >>,3,#9080,Clip,-1,374UVX880BM4B39012302
<< 15.03.2019 07:33:17 >>,7,B537_1B,CPA,-1,374UVX880BM4B39012302
<< 15.03.2019 07:33:17 >>,3,X1398_1B,CPA,-1,374UVX880BM4B39012302
<< 15.03.2019 07:33:17 >>,1,#73111,8B002363,-1,374UVX880BM4B39012302
,,,,,
,,,,,
,,,,,
<< 15.03.2019 07:35:06 >>,3,#9080,Clip,-1,374UVX880BM4B39012302
<< 15.03.2019 07:35:06 >>,6,B537_1B,CPA,-1,374UVX880BM4B39012302
<< 15.03.2019 07:35:06 >>,1,#73111,8B002363,-1,374UVX880BM4B39012302
,,,,,
,,,,,
,,,,,
<< 15.03.2019 07:37:23 >>,3,A46_3B,,54,374UVX880BM4B39012302
<< 15.03.2019 07:38:00 >>,0,Y105_1B,Kappe,-1,374UVX880BM4B39012302
<< 15.03.2019 07:38:00 >>,1,#9080,Clip,-1,374UVX880BM4B39012302
<< 15.03.2019 07:38:00 >>,7,M253_1B,Kappe1,-1,374UVX880BM4B39012302
<< 15.03.2019 07:38:00 >>,23,B537_1B,CPA,-1,374UVX880BM4B39012302
<< 15.03.2019 07:38:00 >>,0,Y105_1B,Kappe,-1,374UVX880BM4B39012302
,,,,,
<< 15.03.2019 07:38:37 >>,1,B313_1B,Kontakttr?ger,-1,374UVX880BM4B39012302
<< 15.03.2019 07:38:37 >>,2,#71678,Clip,-1,374UVX880BM4B39012302
<< 15.03.2019 07:38:37 >>,3,Y105_1B,Kappe,-1,374UVX880BM4B39012302
<< 15.03.2019 07:38:37 >>,4,B435_1B,CPA,-1,374UVX880BM4B39012302
<< 15.03.2019 07:38:37 >>,21,B313_1B,Dichtpr?fung,-1,374UVX880BM4B39012302
<< 15.03.2019 07:38:37 >>,1,B313_1B,Kontakttr?ger,-1,374UVX880BM4B39012302
,,,,,
,,,,,
<< 15.03.2019 07:41:58 >>,12,A46_3B,,54,374UVX880BM4B39012302
<< 15.03.2019 07:42:00 >>,0,#71670,Clip,-1,374UVX880BM4B39012302
<< 15.03.2019 07:42:00 >>,0,#71670,Clip,-1,374UVX880BM4B39012302
,,,,,
<< 15.03.2019 07:42:16 >>,3,#89981,Clip,-1,374UVX880BM4B39012302
<< 15.03.2019 07:42:16 >>,6,B537_1B,CPA,-1,374UVX880BM4B39012302
<< 15.03.2019 07:42:16 >>,1,#73111,8B002363,-1,374UVX880BM4B39012302
,,,,,
,,,,,
,,,,,
<< 15.03.2019 07:46:17 >>,144,X1399_1B,,4,374UVX880BM4B39012302
<< 15.03.2019 07:46:17 >>,3,X1398_1B,,4,374UVX880BM4B39012302
<< 15.03.2019 07:46:18 >>,0,#9080,Clip,-1,374UVX880BM4B39012302
<< 15.03.2019 07:46:18 >>,0,#9080,Clip,-1,374UVX880BM4B39012302
,,,,,
<< 15.03.2019 07:46:22 >>,0,X1399_1B,,4,374UVX880BM4B39012302
<< 15.03.2019 07:46:22 >>,0,X1399_1B,,4,374UVX880BM4B39012302
,,,,,
,,,,,
<< 15.03.2019 07:47:58 >>,3,X1398_1B,,4,374UVX880BM4B39012302
<< 15.03.2019 07:47:58 >>,1,A46_3B,,59,374UVX880BM4B39012302
<< 15.03.2019 07:49:40 >>,0,B435_1B,CPA,-1,374UVX880BM4B39012302
<< 15.03.2019 07:49:40 >>,3,#89981,Clip,-1,374UVX880BM4B39012302
<< 15.03.2019 07:49:40 >>,5,#71678,Clip,-1,374UVX880BM4B39012302
<< 15.03.2019 07:49:40 >>,0,#9080,Clip,-1,374UVX880BM4B39012302
<< 15.03.2019 07:49:40 >>,88,B537_1B,CPA,-1,374UVX880BM4B39012302
<< 15.03.2019 07:49:40 >>,0,B435_1B,CPA,-1,374UVX880BM4B39012302
,,,,,
<< 15.03.2019 07:49:52 >>,1,#9080,Clip,-1,374UVX880BM4B39012302
<< 15.03.2019 07:49:52 >>,6,B435_1B,CPA,-1,374UVX880BM4B39012302
<< 15.03.2019 07:49:52 >>,1,#73111,8B002363,-1,374UVX880BM4B39012302
,,,,,
,,,,,
,,,,,
<< 15.03.2019 07:51:43 >>,1,A46_3B,,30,374UVX880BM4B39012302
<< 15.03.2019 07:53:26 >>,100,B537_1B,CPA,-1,374UVX880BM4B39012302
<< 15.03.2019 07:53:26 >>,0,#9080,Clip,-1,374UVX880BM4B39012302
<< 15.03.2019 07:53:26 >>,100,B537_1B,CPA,-1,374UVX880BM4B39012302
,,,,,
<< 15.03.2019 07:53:58 >>,0,B435_1B,CPA,-1,374UVX880BM4B39012302
<< 15.03.2019 07:53:58 >>,22,B537_1B,CPA,-1,374UVX880BM4B39012302
<< 15.03.2019 07:53:58 >>,0,B435_1B,CPA,-1,374UVX880BM4B39012302
,,,,,
<< 15.03.2019 07:54:07 >>,4,B435_1B,CPA,-1,374UVX880BM4B39012302
<< 15.03.2019 07:54:07 >>,1,#73111,8B002363,-1,374UVX880BM4B39012302
,,,,,
,,,,,
,,,,,
<< 15.03.2019 07:56:28 >>,43,X1399_1B,,4,374UVX880BM4B39012302
<< 15.03.2019 07:56:28 >>,8,X1398_1B,,4,374UVX880BM4B39012302
<< 15.03.2019 07:56:28 >>,9,A46_3B,,14,374UVX880BM4B39012302
<< 15.03.2019 07:56:31 >>,1,#9080,Clip,-1,374UVX880BM4B39012302
<< 15.03.2019 07:56:31 >>,1,#9080,Clip,-1,374UVX880BM4B39012302
,,,,,
,,,,,
<< 15.03.2019 08:00:25 >>,1,#73111,8B002363,-1,374UVX880BM4B39012302
<< 15.03.2019 08:00:25 >>,70,B537_1B,CPA,-1,374UVX880BM4B39012302
<< 15.03.2019 08:00:25 >>,1,#73111,8B002363,-1,374UVX880BM4B39012302
,,,,,
<< 15.03.2019 08:00:30 >>,2,#73111,8B002363,-1,374UVX880BM4B39012302
,,,,,
,,,,,
,,,,,
<< 15.03.2019 08:03:20 >>,29,M253_1B,,3,374UVX880BM4B39012302
<< 15.03.2019 08:03:20 >>,2,M253_1B,,1,374UVX880BM4B39012302
<< 15.03.2019 08:03:23 >>,1,#9080,Clip,-1,374UVX880BM4B39012302
<< 15.03.2019 08:03:23 >>,1,#9080,Clip,-1,374UVX880BM4B39012302
,,,,,
<< 15.03.2019 08:03:45 >>,18,M253_1B,,3,374UVX880BM4B39012302
<< 15.03.2019 08:03:47 >>,1,#9080,Clip,-1,374UVX880BM4B39012302
<< 15.03.2019 08:03:47 >>,1,#9080,Clip,-1,374UVX880BM4B39012302
,,,,,
<< 15.03.2019 08:04:32 >>,39,M253_1B,,3,374UVX880BM4B39012302
<< 15.03.2019 08:04:32 >>,39,M253_1B,,3,374UVX880BM4B39012302
,,,,,
,,,,,
,,,,,
<< 15.03.2019 08:09:23 >>,2,A46_3B,,49,374UVX880BM4B39012302
<< 15.03.2019 08:09:23 >>,2,A46_3B,,54,374UVX880BM4B39012302
<< 15.03.2019 08:09:55 >>,0,#73111,8B002363,-1,374UVX880BM4B39012302
<< 15.03.2019 08:09:55 >>,2,#71674,Clip,-1,374UVX880BM4B39012302
<< 15.03.2019 08:09:55 >>,7,X13_4B,Dichtpr?fung,-1,374UVX880BM4B39012302
<< 15.03.2019 08:09:55 >>,3,B129_1B,Dichtpr?fung,-1,374UVX880BM4B39012302
<< 15.03.2019 08:09:55 >>,11,X1398_1B,CPA,-1,374UVX880BM4B39012302
<< 15.03.2019 08:09:55 >>,0,#73111,8B002363,-1,374UVX880BM4B39012302
,,,,,
<< 15.03.2019 08:09:59 >>,2,#73111,8B002363,-1,374UVX880BM4B39012302
,,,,,
,,,,,
,,,,,
<< 15.03.2019 08:12:09 >>,0,#71671,Clip,-1,374UVX880BM4B39012302
<< 15.03.2019 08:12:09 >>,1,#71672,Clip,-1,374UVX880BM4B39012302
<< 15.03.2019 08:12:09 >>,3,#71676,Clip,-1,374UVX880BM4B39012302
<< 15.03.2019 08:12:09 >>,3,#9080,Clip,-1,374UVX880BM4B39012302
<< 15.03.2019 08:12:09 >>,6,X13_4B,Dichtpr?fung,-1,374UVX880BM4B39012302
<< 15.03.2019 08:12:09 >>,5,B435_1B,CPA,-1,374UVX880BM4B39012302
<< 15.03.2019 08:12:09 >>,2,#73111,8B002363,-1,374UVX880BM4B39012302
,,,,,
,,,,,
,,,,,
<< 15.03.2019 08:14:15 >>,3,A46_3B,,54,374UVX880BM4B39012302
<< 15.03.2019 08:14:34 >>,1,#71672,Clip,-1,374UVX880BM4B39012302
<< 15.03.2019 08:14:34 >>,7,B537_1B,CPA,-1,374UVX880BM4B39012302
<< 15.03.2019 08:14:34 >>,1,#73111,8B002363,-1,374UVX880BM4B39012302
<< 15.03.2019 08:14:34 >>,7,E357_1B,CPA,-1,374UVX880BM4B39012302
,,,,,
,,,,,
,,,,,
<< 15.03.2019 08:16:05 >>,14,X1398_1B,,4,374UVX880BM4B39012302
<< 15.03.2019 08:16:05 >>,2,A46_3B,,54,374UVX880BM4B39012302
<< 15.03.2019 08:16:09 >>,2,#9080,Clip,-1,374UVX880BM4B39012302
<< 15.03.2019 08:16:09 >>,2,#9080,Clip,-1,374UVX880BM4B39012302
,,,,,
,,,,,
<< 15.03.2019 08:17:11 >>,3,X1398_1B,,4,374UVX880BM4B39012302
<< 15.03.2019 08:17:11 >>,0,A46_3B,,59,374UVX880BM4B39012302
<< 15.03.2019 08:20:58 >>,0,B537_1B,Dichtpr?fung,-1,374UVX880BM4B39012302
<< 15.03.2019 08:20:58 >>,207,B537_1B,CPA,-1,374UVX880BM4B39012302
<< 15.03.2019 08:20:58 >>,0,B537_1B,Dichtpr?fung,-1,374UVX880BM4B39012302
,,,,,
<< 15.03.2019 08:32:17 >>,2,#73111,8B002363,-1,374UVX880BM4B39012302
,,,,,
,,,,,
,,,,,
<< 15.03.2019 08:34:32 >>,1,B435_1B,CPA,-1,374UVX880BM4B39012302
<< 15.03.2019 08:34:32 >>,3,#9080,Clip,-1,374UVX880BM4B39012302
<< 15.03.2019 08:34:32 >>,30,X13_4B,Dichtpr?fung,-1,374UVX880BM4B39012302
<< 15.03.2019 08:34:32 >>,1,B435_1B,CPA,-1,374UVX880BM4B39012302
,,,,,
<< 15.03.2019 08:34:58 >>,9,X13_4B,Dichtpr?fung,-1,374UVX880BM4B39012302
<< 15.03.2019 08:34:58 >>,3,B435_1B,CPA,-1,374UVX880BM4B39012302
<< 15.03.2019 08:34:58 >>,1,#73111,8B002363,-1,374UVX880BM4B39012302
<< 15.03.2019 08:34:58 >>,8,E357_1B,CPA,-1,374UVX880BM4B39012302
,,,,,
,,,,,
,,,,,
<< 15.03.2019 08:36:42 >>,1,#9080,Clip,-1,374UVX880BM4B39012302
<< 15.03.2019 08:36:42 >>,3,M253_1B,Kappe1,-1,374UVX880BM4B39012302
<< 15.03.2019 08:36:42 >>,6,X13_4B,Dichtpr?fung,-1,374UVX880BM4B39012302
<< 15.03.2019 08:36:42 >>,1,#73111,8B002363,-1,374UVX880BM4B39012302
,,,,,
,,,,,
,,,,,
<< 15.03.2019 08:38:29 >>,26,X1399_1B,,4,374UVX880BM4B39012302
<< 15.03.2019 08:38:29 >>,0,X1398_1B,,4,374UVX880BM4B39012302
<< 15.03.2019 08:38:29 >>,3,A46_3B,,54,374UVX880BM4B39012302
<< 15.03.2019 08:38:32 >>,2,#9080,Clip,-1,374UVX880BM4B39012302
<< 15.03.2019 08:38:32 >>,2,#9080,Clip,-1,374UVX880BM4B39012302
,,,,,
,,,,,
<< 15.03.2019 08:40:51 >>,4,A46_3B,,49,374UVX880BM4B39012302
<< 15.03.2019 08:41:31 >>,5,#71670,Clip,-1,374UVX880BM4B39012302
<< 15.03.2019 08:41:31 >>,2,#89981,Clip,-1,374UVX880BM4B39012302
<< 15.03.2019 08:41:31 >>,2,#9080,Clip,-1,374UVX880BM4B39012302
<< 15.03.2019 08:41:31 >>,5,B435_1B,CPA,-1,374UVX880BM4B39012302
<< 15.03.2019 08:41:31 >>,4,X1398_1B,CPA,-1,374UVX880BM4B39012302
<< 15.03.2019 08:41:31 >>,1,#73111,8B002363,-1,374UVX880BM4B39012302
<< 15.03.2019 08:41:31 >>,13,E357_1B,CPA,-1,374UVX880BM4B39012302
,,,,,
<< 15.03.2019 08:41:45 >>,3,#9080,Clip,-1,374UVX880BM4B39012302
<< 15.03.2019 08:41:45 >>,3,B435_1B,CPA,-1,374UVX880BM4B39012302
<< 15.03.2019 08:41:45 >>,2,#73111,8B002363,-1,374UVX880BM4B39012302
,,,,,
,,,,,
,,,,,
<< 15.03.2019 08:44:26 >>,61,X1399_1B,,4,374UVX880BM4B39012302
<< 15.03.2019 08:44:26 >>,61,X1399_1B,,4,374UVX880BM4B39012302
,,,,,
,,,,,
<< 15.03.2019 08:47:04 >>,0,#9080,Clip,-1,374UVX880BM4B39012302
<< 15.03.2019 08:47:04 >>,5,X1398_1B,CPA,-1,374UVX880BM4B39012302
<< 15.03.2019 08:47:04 >>,1,#73111,8B002363,-1,374UVX880BM4B39012302
,,,,,
,,,,,
,,,,,
<< 15.03.2019 08:48:41 >>,0,X1398_1B,CPA,-1,374UVX880BM4B39012302
<< 15.03.2019 08:48:41 >>,1,#9080,Clip,-1,374UVX880BM4B39012302
<< 15.03.2019 08:48:41 >>,10,B435_1B,CPA,-1,374UVX880BM4B39012302
<< 15.03.2019 08:48:41 >>,0,X1398_1B,CPA,-1,374UVX880BM4B39012302
,,,,,
<< 15.03.2019 08:48:53 >>,3,X1398_1B,CPA,-1,374UVX880BM4B39012302
<< 15.03.2019 08:48:53 >>,1,#73111,8B002363,-1,374UVX880BM4B39012302
<< 15.03.2019 08:48:53 >>,4,E357_1B,Kappe,-1,374UVX880BM4B39012302
,,,,,
,,,,,
,,,,,
<< 15.03.2019 08:50:48 >>,2,#71678,Clip,-1,374UVX880BM4B39012302
<< 15.03.2019 08:50:48 >>,1,#9080,Clip,-1,374UVX880BM4B39012302
<< 15.03.2019 08:50:48 >>,0,#73111,8B002363,-1,374UVX880BM4B39012302
,,,,,
,,,,,
,,,,,
<< 15.03.2019 08:52:17 >>,1,#73111,8B002363,-1,374UVX880BM4B39012302
,,,,,
,,,,,
,,,,,
<< 15.03.2019 08:53:38 >>,0,#71670,Clip,-1,374UVX880BM4B39012302
<< 15.03.2019 08:53:38 >>,2,#71674,Clip,-1,374UVX880BM4B39012302
<< 15.03.2019 08:53:38 >>,2,#9080,Clip,-1,374UVX880BM4B39012302
<< 15.03.2019 08:53:38 >>,1,#73111,8B002363,-1,374UVX880BM4B39012302
,,,,,
,,,,,
,,,,,
<< 15.03.2019 08:54:36 >>,1,#73111,8B002363,-1,374UVX880BM4B39012302
,,,,,
,,,,,
,,,,,
<< 15.03.2019 08:55:57 >>,9,B435_1B,CPA,-1,374UVX880BM4B39012302
<< 15.03.2019 08:55:57 >>,1,#73111,8B002363,-1,374UVX880BM4B39012302
,,,,,
,,,,,
,,,,,
,,,,,
<< 15.03.2019 08:58:18 >>,28,X1399_1B,,4,374UVX880BM4B39012302
<< 15.03.2019 08:58:18 >>,28,X1399_1B,,4,374UVX880BM4B39012302
,,,,,
,,,,,
<< 15.03.2019 09:00:13 >>,14,X1399_1B,,4,374UVX880BM4B39012302
<< 15.03.2019 09:00:13 >>,14,X1399_1B,,4,374UVX880BM4B39012302
,,,,,
,,,,,
<< 15.03.2019 09:02:21 >>,7,#89981,Clip,-1,374UVX880BM4B39012302
<< 15.03.2019 09:02:21 >>,2,Y195_1B,Kappe,-1,374UVX880BM4B39012302
<< 15.03.2019 09:02:21 >>,3,B435_1B,CPA,-1,374UVX880BM4B39012302
<< 15.03.2019 09:02:21 >>,1,#73111,8B002363,-1,374UVX880BM4B39012302
<< 15.03.2019 09:02:21 >>,11,E357_1B,CPA,-1,374UVX880BM4B39012302
,,,,,
<< 15.03.2019 09:02:29 >>,1,#71676,Clip,-1,374UVX880BM4B39012302
<< 15.03.2019 09:02:29 >>,1,#9080,Clip,-1,374UVX880BM4B39012302
<< 15.03.2019 09:02:29 >>,0,#73111,8B002363,-1,374UVX880BM4B39012302
,,,,,
,,,,,
,,,,,
<< 15.03.2019 09:04:47 >>,2,A46_3B,,23,374UVX880BM4B39012303
<< 15.03.2019 09:05:05 >>,5,#89981,Clip,-1,374UVX880BM4B39012303
<< 15.03.2019 09:05:05 >>,1,#71676,Clip,-1,374UVX880BM4B39012303
<< 15.03.2019 09:05:05 >>,1,#9080,Clip,-1,374UVX880BM4B39012303
<< 15.03.2019 09:05:05 >>,7,B435_1B,CPA,-1,374UVX880BM4B39012303
<< 15.03.2019 09:05:05 >>,1,#73111,8B002363,-1,374UVX880BM4B39012303
,,,,,
,,,,,
,,,,,
<< 15.03.2019 09:06:54 >>,6,X1399_1B,,4,374UVX880BM4B39012303
<< 15.03.2019 09:06:54 >>,0,X1398_1B,,4,374UVX880BM4B39012303
<< 15.03.2019 09:06:58 >>,2,#9080,Clip,-1,374UVX880BM4B39012303
<< 15.03.2019 09:06:58 >>,2,#9080,Clip,-1,374UVX880BM4B39012303
,,,,,
,,,,,
<< 15.03.2019 09:08:59 >>,3,#9080,Clip,-1,374UVX880BM4B39012303
<< 15.03.2019 09:08:59 >>,4,B435_1B,CPA,-1,374UVX880BM4B39012303
<< 15.03.2019 09:08:59 >>,1,#73111,8B002363,-1,374UVX880BM4B39012303
,,,,,
,,,,,
,,,,,
<< 15.03.2019 09:10:27 >>,1,#73111,8B002363,-1,374UVX880BM4B39012303
,,,,,
,,,,,
,,,,,
<< 15.03.2019 09:12:39 >>,15,X1399_1B,,4,374UVX880BM4B39012303
<< 15.03.2019 09:12:39 >>,0,X1398_1B,,4,374UVX880BM4B39012303
<< 15.03.2019 09:12:46 >>,1,X13_4B,Dichtpr?fung,-1,374UVX880BM4B39012303
<< 15.03.2019 09:12:46 >>,3,Y195_1B,Kappe,-1,374UVX880BM4B39012303
<< 15.03.2019 09:12:46 >>,1,X13_4B,Dichtpr?fung,-1,374UVX880BM4B39012303
,,,,,
,,,,,
<< 15.03.2019 09:14:34 >>,7,B435_1B,CPA,-1,374UVX880BM4B39012303
<< 15.03.2019 09:14:34 >>,3,#73111,8B002363,-1,374UVX880BM4B39012303
,,,,,
,,,,,
,,,,,
<< 15.03.2019 09:16:02 >>,4,X1398_1B,,4,374UVX880BM4B39012303
<< 15.03.2019 09:16:17 >>,2,#9080,Clip,-1,374UVX880BM4B39012303
<< 15.03.2019 09:16:17 >>,8,X13_4B,Dichtpr?fung,-1,374UVX880BM4B39012303
<< 15.03.2019 09:16:17 >>,2,#73111,8B002363,-1,374UVX880BM4B39012303
,,,,,
,,,,,
,,,,,
<< 15.03.2019 09:17:13 >>,3,X1398_1B,,4,374UVX880BM4B39012303
<< 15.03.2019 09:17:13 >>,2,A46_3B,,54,374UVX880BM4B39012303
<< 15.03.2019 09:17:28 >>,6,X1398_1B,CPA,-1,374UVX880BM4B39012303
<< 15.03.2019 09:17:28 >>,1,#73111,8B002363,-1,374UVX880BM4B39012303
<< 15.03.2019 09:17:28 >>,5,A46_3B,Hebel,-1,374UVX880BM4B39012303
,,,,,
,,,,,
,,,,,
<< 15.03.2019 09:18:28 >>,2,A46_3B,,54,374UVX880BM4B39012303
<< 15.03.2019 09:18:49 >>,0,#73111,8B002363,-1,374UVX880BM4B39012303
<< 15.03.2019 09:18:49 >>,15,B435_1B,CPA,-1,374UVX880BM4B39012303
<< 15.03.2019 09:18:49 >>,0,#73111,8B002363,-1,374UVX880BM4B39012303
,,,,,
<< 15.03.2019 09:19:12 >>,1,#73111,8B002363,-1,374UVX880BM4B39012303
<< 15.03.2019 09:19:12 >>,11,B435_1B,CPA,-1,374UVX880BM4B39012303
<< 15.03.2019 09:19:12 >>,1,#73111,8B002363,-1,374UVX880BM4B39012303
,,,,,
<< 15.03.2019 09:19:26 >>,9,B435_1B,CPA,-1,374UVX880BM4B39012303
<< 15.03.2019 09:19:26 >>,1,#73111,8B002363,-1,374UVX880BM4B39012303
,,,,,
,,,,,
,,,,,
<< 15.03.2019 09:21:02 >>,11,A46_3B,,54,374UVX880BM4B39012303
<< 15.03.2019 09:21:02 >>,7,A46_3B,,45,374UVX880BM4B39012303
<< 15.03.2019 09:21:04 >>,0,#9080,Clip,-1,374UVX880BM4B39012303
<< 15.03.2019 09:21:04 >>,0,#9080,Clip,-1,374UVX880BM4B39012303
,,,,,
<< 15.03.2019 09:21:17 >>,1,#9080,Clip,-1,374UVX880BM4B39012303
<< 15.03.2019 09:21:17 >>,1,#73111,8B002363,-1,374UVX880BM4B39012303
<< 15.03.2019 09:21:17 >>,7,E357_1B,Kappe,-1,374UVX880BM4B39012303
,,,,,
,,,,,
,,,,,
<< 15.03.2019 09:22:35 >>,2,#9080,Clip,-1,374UVX880BM4B39012303
<< 15.03.2019 09:22:35 >>,1,B435_1B,CPA,-1,374UVX880BM4B39012303
<< 15.03.2019 09:22:35 >>,1,#73111,8B002363,-1,374UVX880BM4B39012303
<< 15.03.2019 09:22:35 >>,0,B435_1B,Presence,-1,374UVX880BM4B39012303
,,,,,
,,,,,
,,,,,
<< 15.03.2019 09:23:55 >>,2,#9080,Clip,-1,374UVX880BM4B39012303
<< 15.03.2019 09:23:55 >>,0,#73111,8B002363,-1,374UVX880BM4B39012303
,,,,,
,,,,,
,,,,,
<< 15.03.2019 09:26:14 >>,6,X13_4B,Dichtpr?fung,-1,374UVX880BM4B39012303
<< 15.03.2019 09:26:14 >>,1,#73111,8B002363,-1,374UVX880BM4B39012303
,,,,,
,,,,,
,,,,,
<< 15.03.2019 09:27:26 >>,2,#9080,Clip,-1,374UVX880BM4B39012303
<< 15.03.2019 09:27:26 >>,4,X13_4B,Dichtpr?fung,-1,374UVX880BM4B39012303
<< 15.03.2019 09:27:26 >>,1,#73111,8B002363,-1,374UVX880BM4B39012303
,,,,,
,,,,,
,,,,,
<< 15.03.2019 09:29:44 >>,62,B537_1B,,1,374UVX880BM4B39012303
<< 15.03.2019 09:29:46 >>,0,#9080,Clip,-1,374UVX880BM4B39012303
<< 15.03.2019 09:29:46 >>,0,#9080,Clip,-1,374UVX880BM4B39012303
,,,,,
<< 15.03.2019 09:29:58 >>,2,#9080,Clip,-1,374UVX880BM4B39012303
<< 15.03.2019 09:29:58 >>,6,X13_4B,Dichtpr?fung,-1,374UVX880BM4B39012303
<< 15.03.2019 09:29:58 >>,1,#73111,8B002363,-1,374UVX880BM4B39012303
,,,,,
,,,,,
,,,,,
<< 15.03.2019 09:31:33 >>,26,X1398_1B,,4,374UVX880BM4B39012303
<< 15.03.2019 09:31:34 >>,0,#89982,Clip,-1,374UVX880BM4B39012303
<< 15.03.2019 09:31:34 >>,0,#89982,Clip,-1,374UVX880BM4B39012303
,,,,,
<< 15.03.2019 09:31:57 >>,0,#9080,Clip,-1,374UVX880BM4B39012303
<< 15.03.2019 09:31:57 >>,16,#89982,Clip,-1,374UVX880BM4B39012303
<< 15.03.2019 09:31:57 >>,0,#9080,Clip,-1,374UVX880BM4B39012303
,,,,,
,,,,,
<< 15.03.2019 09:33:06 >>,1,#73111,8B002363,-1,374UVX880BM4B39012303
,,,,,
,,,,,
,,,,,
<< 15.03.2019 09:34:35 >>,1,#71676,Clip,-1,374UVX880BM4B39012303
<< 15.03.2019 09:34:35 >>,3,#9080,Clip,-1,374UVX880BM4B39012303
<< 15.03.2019 09:34:35 >>,5,X13_4B,Dichtpr?fung,-1,374UVX880BM4B39012303
<< 15.03.2019 09:34:35 >>,1,#73111,8B002363,-1,374UVX880BM4B39012303
,,,,,
,,,,,
,,,,,
<< 15.03.2019 09:35:57 >>,2,Y195_1B,Kappe,-1,374UVX880BM4B39012303
<< 15.03.2019 09:35:57 >>,1,#73111,8B002363,-1,374UVX880BM4B39012303
,,,,,
,,,,,
,,,,,
<< 15.03.2019 09:37:19 >>,2,#9080,Clip,-1,374UVX880BM4B39012303
<< 15.03.2019 09:37:19 >>,5,X13_4B,Dichtpr?fung,-1,374UVX880BM4B39012303
<< 15.03.2019 09:37:19 >>,1,#73111,8B002363,-1,374UVX880BM4B39012303
,,,,,
,,,,,
,,,,,
<< 15.03.2019 09:38:51 >>,12,X1399_1B,,4,374UVX880BM4B39012303
<< 15.03.2019 09:38:54 >>,1,#73111,8B002363,-1,374UVX880BM4B39012303
<< 15.03.2019 09:38:54 >>,1,#73111,8B002363,-1,374UVX880BM4B39012303
,,,,,
<< 15.03.2019 09:39:12 >>,1,#73111,8B002363,-1,374UVX880BM4B39012303
<< 15.03.2019 09:39:12 >>,3,E357_1B,Kappe,-1,374UVX880BM4B39012303
<< 15.03.2019 09:39:12 >>,9,E357_1B,CPA,-1,374UVX880BM4B39012303
,,,,,
,,,,,
,,,,,
<< 15.03.2019 09:41:14 >>,17,A46_3B,,2,374UVX880BM4B39012303
<< 15.03.2019 09:41:14 >>,2,A46_3B,,8,374UVX880BM4B39012303
<< 15.03.2019 09:41:14 >>,2,A46_3B,,4,374UVX880BM4B39012303
<< 15.03.2019 09:41:14 >>,0,A46_3B,,5,374UVX880BM4B39012303
<< 15.03.2019 09:41:16 >>,0,#71670,Clip,-1,374UVX880BM4B39012303
<< 15.03.2019 09:41:16 >>,0,#71670,Clip,-1,374UVX880BM4B39012303
,,,,,
,,,,,
<< 15.03.2019 09:43:57 >>,3,#9080,Clip,-1,374UVX880BM4B39012303
<< 15.03.2019 09:43:57 >>,4,X13_4B,Dichtpr?fung,-1,374UVX880BM4B39012303
<< 15.03.2019 09:43:57 >>,1,#73111,8B002363,-1,374UVX880BM4B39012303
,,,,,
,,,,,
,,,,,
<< 15.03.2019 09:45:27 >>,6,#89982,Clip,-1,374UVX880BM4B39012303
<< 15.03.2019 09:45:27 >>,3,#9080,Clip,-1,374UVX880BM4B39012303
,,,,,
,,,,,
,,,,,
<< 15.03.2019 09:46:47 >>,1,#9080,Clip,-1,374UVX880BM4B39012303
<< 15.03.2019 09:46:47 >>,8,X13_4B,Dichtpr?fung,-1,374UVX880BM4B39012303
<< 15.03.2019 09:46:47 >>,1,#73111,8B002363,-1,374UVX880BM4B39012303
,,,,,
,,,,,
,,,,,
<< 15.03.2019 09:48:01 >>,2,#9080,Clip,-1,374UVX880BM4B39012303
<< 15.03.2019 09:48:01 >>,7,X13_4B,Dichtpr?fung,-1,374UVX880BM4B39012303
<< 15.03.2019 09:48:01 >>,0,#73111,8B002363,-1,374UVX880BM4B39012303
,,,,,
,,,,,
,,,,,
<< 15.03.2019 09:49:00 >>,1,#73111,8B002363,-1,374UVX880BM4B39012303
,,,,,
,,,,,
,,,,,
<< 15.03.2019 09:50:16 >>,1,#9080,Clip,-1,374UVX880BM4B39012303
<< 15.03.2019 09:50:16 >>,0,#73111,8B002363,-1,374UVX880BM4B39012303
,,,,,
,,,,,
,,,,,
<< 15.03.2019 09:51:37 >>,1,#73111,8B002363,-1,374UVX880BM4B39012303
,,,,,
,,,,,
,,,,,
<< 15.03.2019 09:52:53 >>,2,#9080,Clip,-1,374UVX880BM4B39012303
<< 15.03.2019 09:52:53 >>,4,X13_4B,Dichtpr?fung,-1,374UVX880BM4B39012303
<< 15.03.2019 09:52:53 >>,1,#73111,8B002363,-1,374UVX880BM4B39012303
,,,,,
,,,,,
,,,,,
<< 15.03.2019 09:54:34 >>,2,M253_1B,Kappe1,-1,374UVX880BM4B39012303
<< 15.03.2019 09:54:34 >>,1,#73111,8B002363,-1,374UVX880BM4B39012303
<< 15.03.2019 09:54:34 >>,1,M253_1B,Presence,-1,374UVX880BM4B39012303
,,,,,
,,,,,
,,,,,
<< 15.03.2019 09:55:32 >>,0,#71675,Clip,-1,374UVX880BM4B39012303
<< 15.03.2019 09:55:32 >>,3,#71676,Clip,-1,374UVX880BM4B39012303
<< 15.03.2019 09:55:32 >>,3,#9080,Clip,-1,374UVX880BM4B39012303
<< 15.03.2019 09:55:32 >>,1,#73111,8B002363,-1,374UVX880BM4B39012303
,,,,,
,,,,,
,,,,,
<< 15.03.2019 09:57:08 >>,4,A46_3B,,54,374UVX880BM4B39012303
<< 15.03.2019 09:57:11 >>,1,#73111,8B002363,-1,374UVX880BM4B39012303
,,,,,
,,,,,
,,,,,
<< 15.03.2019 09:58:25 >>,0,#89982,Clip,-1,374UVX880BM4B39012303
<< 15.03.2019 09:58:25 >>,1,#9080,Clip,-1,374UVX880BM4B39012303
<< 15.03.2019 09:58:25 >>,0,#73111,8B002363,-1,374UVX880BM4B39012303
,,,,,
,,,,,
,,,,,
<< 15.03.2019 10:19:48 >>,0,X13_4B,Dichtpr?fung,-1,374UVX880BM4B39012303
<< 15.03.2019 10:19:48 >>,2,#71678,Clip,-1,374UVX880BM4B39012303
<< 15.03.2019 10:19:48 >>,12,#9080,Clip,-1,374UVX880BM4B39012303
<< 15.03.2019 10:19:48 >>,0,X13_4B,Dichtpr?fung,-1,374UVX880BM4B39012303
,,,,,
<< 15.03.2019 10:20:28 >>,1,#73111,8B002363,-1,374UVX880BM4B39012303
<< 15.03.2019 10:20:28 >>,27,X13_4B,Dichtpr?fung,-1,374UVX880BM4B39012303
<< 15.03.2019 10:20:28 >>,1,#73111,8B002363,-1,374UVX880BM4B39012303
,,,,,
<< 15.03.2019 10:20:33 >>,1,#9080,Clip,-1,374UVX880BM4B39012303
<< 15.03.2019 10:20:33 >>,1,#73111,8B002363,-1,374UVX880BM4B39012303
,,,,,
,,,,,
,,,,,
<< 15.03.2019 10:22:47 >>,6,X13_4B,Dichtpr?fung,-1,374UVX880BM4B39012303
<< 15.03.2019 10:22:47 >>,1,#73111,8B002363,-1,374UVX880BM4B39012303
<< 15.03.2019 10:22:47 >>,3,X697_1S,Dichtpr?fung,-1,374UVX880BM4B39012303
,,,,,
,,,,,
,,,,,
<< 15.03.2019 10:26:21 >>,0,A46_3B,,54,374UVX880BM4B39012303
<< 15.03.2019 10:26:30 >>,2,#9080,Clip,-1,374UVX880BM4B39012303
<< 15.03.2019 10:26:30 >>,4,X1399_1B,Dichtpr?fung,-1,374UVX880BM4B39012303
<< 15.03.2019 10:26:30 >>,1,#73111,8B002363,-1,374UVX880BM4B39012303
,,,,,
,,,,,
,,,,,
<< 15.03.2019 10:27:51 >>,2,A46_3B,,54,374UVX880BM4B39012303
<< 15.03.2019 10:28:08 >>,2,#71675,Clip,-1,374UVX880BM4B39012303
<< 15.03.2019 10:28:08 >>,3,#9080,Clip,-1,374UVX880BM4B39012303
<< 15.03.2019 10:28:08 >>,3,X13_4B,Dichtpr?fung,-1,374UVX880BM4B39012303
<< 15.03.2019 10:28:08 >>,2,#73111,8B002363,-1,374UVX880BM4B39012303
<< 15.03.2019 10:28:08 >>,4,E357_1B,Kappe,-1,374UVX880BM4B39012303
,,,,,
,,,,,
,,,,,
<< 15.03.2019 10:30:48 >>,3,A46_3B,,54,374UVX880BM4B39012303
<< 15.03.2019 10:30:58 >>,1,#9080,Clip,-1,374UVX880BM4B39012303
<< 15.03.2019 10:30:58 >>,6,X13_4B,Dichtpr?fung,-1,374UVX880BM4B39012303
<< 15.03.2019 10:30:58 >>,1,#73111,8B002363,-1,374UVX880BM4B39012303
,,,,,
,,,,,
,,,,,
<< 15.03.2019 10:33:11 >>,3,#71678,Clip,-1,374UVX880BM4B39012303
<< 15.03.2019 10:33:11 >>,6,#9080,Clip,-1,374UVX880BM4B39012303
<< 15.03.2019 10:33:11 >>,9,#89982,Verrastung,-1,374UVX880BM4B39012303
<< 15.03.2019 10:33:11 >>,7,X13_4B,Dichtpr?fung,-1,374UVX880BM4B39012303
<< 15.03.2019 10:33:11 >>,2,#73111,8B002363,-1,374UVX880BM4B39012303
,,,,,
,,,,,
,,,,,
<< 15.03.2019 10:35:29 >>,2,#9080,Clip,-1,374UVX880BM4B39012303
<< 15.03.2019 10:35:29 >>,1,#73111,8B002363,-1,374UVX880BM4B39012303
,,,,,
,,,,,
,,,,,
<< 15.03.2019 10:37:29 >>,2,#9080,Clip,-1,374UVX880BM4B39012303
<< 15.03.2019 10:37:29 >>,3,X13_4B,Dichtpr?fung,-1,374UVX880BM4B39012303
<< 15.03.2019 10:37:29 >>,8,#73111,8B002363,-1,374UVX880BM4B39012303
<< 15.03.2019 10:37:29 >>,3,A46_3B,Dichtpr?fung,-1,374UVX880BM4B39012303
,,,,,
,,,,,
,,,,,
<< 15.03.2019 10:39:31 >>,2,A46_3B,,10,374UVX880BM4B39012303
<< 15.03.2019 10:39:56 >>,4,#71670,Clip,-1,374UVX880BM4B39012303
<< 15.03.2019 10:39:56 >>,2,#9080,Clip,-1,374UVX880BM4B39012303
<< 15.03.2019 10:39:56 >>,7,B414_1B,CPA,-1,374UVX880BM4B39012303
<< 15.03.2019 10:39:56 >>,1,#73111,8B002363,-1,374UVX880BM4B39012303
<< 15.03.2019 10:39:56 >>,7,A46_3B,Hebel,-1,374UVX880BM4B39012303
,,,,,
,,,,,
,,,,,
<< 15.03.2019 10:41:51 >>,4,X1398_1B,,4,374UVX880BM4B39012303
<< 15.03.2019 10:41:51 >>,5,A46_3B,,54,374UVX880BM4B39012303
<< 15.03.2019 10:41:55 >>,1,#9080,Clip,-1,374UVX880BM4B39012303
<< 15.03.2019 10:41:55 >>,1,#73111,8B002363,-1,374UVX880BM4B39012303
,,,,,
,,,,,
,,,,,
<< 15.03.2019 10:44:42 >>,16,A46_3B,,2,375VCJ130BM4B39012301
<< 15.03.2019 10:44:42 >>,1,A46_3B,,8,375VCJ130BM4B39012301
<< 15.03.2019 10:44:42 >>,1,A46_3B,,4,375VCJ130BM4B39012301
<< 15.03.2019 10:44:42 >>,0,A46_3B,,5,375VCJ130BM4B39012301
<< 15.03.2019 10:44:42 >>,5,A46_3B,,54,375VCJ130BM4B39012301
<< 15.03.2019 10:44:46 >>,2,#71670,Clip,-1,375VCJ130BM4B39012301
<< 15.03.2019 10:44:46 >>,2,#71670,Clip,-1,375VCJ130BM4B39012301
,,,,,
,,,,,
<< 15.03.2019 10:47:35 >>,1,#71673,Clip,-1,375VCJ130BM4B39012301
<< 15.03.2019 10:47:35 >>,4,#89982,Clip,-1,375VCJ130BM4B39012301
<< 15.03.2019 10:47:35 >>,0,#89982,Verrastung,-1,375VCJ130BM4B39012301
<< 15.03.2019 10:47:35 >>,1,#73111,8B002363,-1,375VCJ130BM4B39012301
<< 15.03.2019 10:47:35 >>,6,A46_3B,Hebel,-1,375VCJ130BM4B39012301
,,,,,
,,,,,
,,,,,
<< 15.03.2019 10:49:27 >>,1,#89982,Clip,-1,375VCJ130BM4B39012301
<< 15.03.2019 10:49:27 >>,2,#9080,Clip,-1,375VCJ130BM4B39012301
,,,,,
,,,,,
,,,,,
<< 15.03.2019 10:50:56 >>,2,#9080,Clip,-1,375VCJ130BM4B39012301
<< 15.03.2019 10:50:56 >>,1,#73111,8B002363,-1,375VCJ130BM4B39012301
,,,,,
,,,,,
,,,,,
<< 15.03.2019 10:52:33 >>,3,#9080,Clip,-1,375VCJ130BM4B39012301
<< 15.03.2019 10:52:33 >>,0,#73111,8B002363,-1,375VCJ130BM4B39012301
,,,,,
,,,,,
,,,,,
<< 15.03.2019 10:54:55 >>,0,#73111,8B002363,-1,375VCJ130BM4B39012301
<< 15.03.2019 10:54:55 >>,1,#71676,Clip,-1,375VCJ130BM4B39012301
<< 15.03.2019 10:54:55 >>,2,#9080,Clip,-1,375VCJ130BM4B39012301
<< 15.03.2019 10:54:55 >>,17,X13_4B,Dichtpr?fung,-1,375VCJ130BM4B39012301
<< 15.03.2019 10:54:55 >>,0,#73111,8B002363,-1,375VCJ130BM4B39012301
,,,,,
<< 15.03.2019 10:55:06 >>,0,#73111,8B002363,-1,375VCJ130BM4B39012301
,,,,,
,,,,,
,,,,,
<< 15.03.2019 10:57:17 >>,12,E357_1B,,1,375VCJ130BM4B39012301
<< 15.03.2019 10:57:19 >>,0,#9080,Clip,-1,375VCJ130BM4B39012301
<< 15.03.2019 10:57:19 >>,0,#9080,Clip,-1,375VCJ130BM4B39012301
,,,,,
<< 15.03.2019 10:57:31 >>,2,#9080,Clip,-1,375VCJ130BM4B39012301
<< 15.03.2019 10:57:31 >>,6,#73111,8B002363,-1,375VCJ130BM4B39012301
,,,,,
,,,,,
,,,,,
<< 15.03.2019 11:01:37 >>,3,#9080,Clip,-1,375VCJ130BM4B39012301
<< 15.03.2019 11:01:37 >>,1,#73111,8B002363,-1,375VCJ130BM4B39012301
,,,,,
,,,,,
,,,,,
<< 15.03.2019 11:03:45 >>,5,#9080,Clip,-1,375VCJ130BM4B39012301
<< 15.03.2019 11:03:45 >>,1,#73111,8B002363,-1,375VCJ130BM4B39012301
,,,,,
,,,,,
,,,,,
<< 15.03.2019 11:05:14 >>,2,#71675,Clip,-1,375VCJ130BM4B39012301
<< 15.03.2019 11:05:14 >>,3,#9080,Clip,-1,375VCJ130BM4B39012301
,,,,,
,,,,,
,,,,,
<< 15.03.2019 11:07:29 >>,2,#9080,Clip,-1,375VCJ130BM4B39012301
<< 15.03.2019 11:07:29 >>,9,X13_4B,Dichtpr?fung,-1,375VCJ130BM4B39012301
<< 15.03.2019 11:07:29 >>,0,#73111,8B002363,-1,375VCJ130BM4B39012301
,,,,,
,,,,,
,,,,,
<< 15.03.2019 11:08:41 >>,2,#9080,Clip,-1,375VCJ130BM4B39012301
<< 15.03.2019 11:08:41 >>,1,#73111,8B002363,-1,375VCJ130BM4B39012301
<< 15.03.2019 11:08:41 >>,4,E357_1B,Kappe,-1,375VCJ130BM4B39012301
,,,,,
,,,,,
,,,,,
<< 15.03.2019 11:10:08 >>,1,#9080,Clip,-1,375VCJ130BM4B39012301
<< 15.03.2019 11:10:08 >>,1,#73111,8B002363,-1,375VCJ130BM4B39012301
,,,,,
,,,,,
,,,,,
<< 15.03.2019 11:11:58 >>,0,#73111,8B002363,-1,375VCJ130BM4B39012301
<< 15.03.2019 11:11:58 >>,2,#9080,Clip,-1,375VCJ130BM4B39012301
<< 15.03.2019 11:11:58 >>,7,X13_4B,Dichtpr?fung,-1,375VCJ130BM4B39012301
<< 15.03.2019 11:11:58 >>,25,B313_1B,Dichtpr?fung,-1,375VCJ130BM4B39012301
<< 15.03.2019 11:11:58 >>,0,#73111,8B002363,-1,375VCJ130BM4B39012301
,,,,,
<< 15.03.2019 11:12:17 >>,13,B537_1B,,3,375VCJ130BM4B39012301
<< 15.03.2019 11:12:19 >>,0,#9080,Clip,-1,375VCJ130BM4B39012301
<< 15.03.2019 11:12:19 >>,0,#9080,Clip,-1,375VCJ130BM4B39012301
,,,,,
<< 15.03.2019 11:12:32 >>,1,#9080,Clip,-1,375VCJ130BM4B39012301
<< 15.03.2019 11:12:32 >>,5,X13_4B,Dichtpr?fung,-1,375VCJ130BM4B39012301
<< 15.03.2019 11:12:32 >>,1,#73111,8B002363,-1,375VCJ130BM4B39012301
,,,,,
,,,,,
,,,,,
<< 15.03.2019 11:15:52 >>,1,#71675,Clip,-1,375VCJ130BM4B39012301
<< 15.03.2019 11:15:52 >>,3,#9080,Clip,-1,375VCJ130BM4B39012301
<< 15.03.2019 11:15:52 >>,2,#73111,8B002363,-1,375VCJ130BM4B39012301
,,,,,
,,,,,
,,,,,
<< 15.03.2019 11:17:47 >>,4,#9080,Clip,-1,375VCJ130BM4B39012301
<< 15.03.2019 11:17:47 >>,7,X13_4B,Dichtpr?fung,-1,375VCJ130BM4B39012301
<< 15.03.2019 11:17:47 >>,1,#73111,8B002363,-1,375VCJ130BM4B39012301
,,,,,
,,,,,
,,,,,
<< 15.03.2019 11:19:28 >>,8,A46_3B,,2,375VCJ130BM4B39012301
<< 15.03.2019 11:19:28 >>,1,A46_3B,,8,375VCJ130BM4B39012301
<< 15.03.2019 11:19:28 >>,4,A46_3B,,4,375VCJ130BM4B39012301
<< 15.03.2019 11:19:28 >>,2,A46_3B,,5,375VCJ130BM4B39012301
<< 15.03.2019 11:19:28 >>,2,A46_3B,,25,375VCJ130BM4B39012301
<< 15.03.2019 11:19:39 >>,1,#71670,Clip,-1,375VCJ130BM4B39012301
<< 15.03.2019 11:19:39 >>,1,#71670,Clip,-1,375VCJ130BM4B39012301
,,,,,
<< 15.03.2019 11:19:55 >>,1,A46_3B,,2,375VCJ130BM4B39012301
<< 15.03.2019 11:19:55 >>,1,A46_3B,,8,375VCJ130BM4B39012301
<< 15.03.2019 11:19:55 >>,1,A46_3B,,4,375VCJ130BM4B39012301
<< 15.03.2019 11:19:55 >>,0,A46_3B,,5,375VCJ130BM4B39012301
<< 15.03.2019 11:19:57 >>,0,#71670,Clip,-1,375VCJ130BM4B39012301
<< 15.03.2019 11:19:57 >>,0,#71670,Clip,-1,375VCJ130BM4B39012301
,,,,,
,,,,,
<< 15.03.2019 11:24:06 >>,92,A46_3B,,2,375VCJ130BM4B39012301
<< 15.03.2019 11:24:06 >>,4,A46_3B,,8,375VCJ130BM4B39012301
<< 15.03.2019 11:24:06 >>,31,A46_3B,,4,375VCJ130BM4B39012301
<< 15.03.2019 11:24:06 >>,3,A46_3B,,5,375VCJ130BM4B39012301
<< 15.03.2019 11:24:06 >>,0,A46_3B,,33,375VCJ130BM4B39012301
<< 15.03.2019 11:24:06 >>,1,X1399_1B,,4,375VCJ130BM4B39012301
<< 15.03.2019 11:24:11 >>,1,#71670,Clip,-1,375VCJ130BM4B39012301
<< 15.03.2019 11:24:11 >>,1,#71670,Clip,-1,375VCJ130BM4B39012301
,,,,,
<< 15.03.2019 11:24:43 >>,7,A46_3B,,5,375VCJ130BM4B39012301
<< 15.03.2019 11:24:43 >>,16,A46_3B,,2,375VCJ130BM4B39012301
<< 15.03.2019 11:24:43 >>,0,A46_3B,,8,375VCJ130BM4B39012301
<< 15.03.2019 11:24:43 >>,0,A46_3B,,4,375VCJ130BM4B39012301
<< 15.03.2019 11:24:43 >>,7,A46_3B,,5,375VCJ130BM4B39012301
,,,,,
,,,,,
<< 15.03.2019 11:27:55 >>,3,#71672,Clip,-1,375VCJ130BM4B39012301
<< 15.03.2019 11:27:55 >>,1,#9080,Clip,-1,375VCJ130BM4B39012301
<< 15.03.2019 11:27:55 >>,0,#73111,8B002363,-1,375VCJ130BM4B39012301
<< 15.03.2019 11:27:55 >>,3,E357_1B,Kappe,-1,375VCJ130BM4B39012301
,,,,,
,,,,,
,,,,,
<< 15.03.2019 11:29:40 >>,6,A46_3B,,54,375VCJ130BM4B39012301
<< 15.03.2019 11:29:45 >>,1,#71675,Clip,-1,375VCJ130BM4B39012301
<< 15.03.2019 11:29:45 >>,2,#9080,Clip,-1,375VCJ130BM4B39012301
<< 15.03.2019 11:29:45 >>,1,#73111,8B002363,-1,375VCJ130BM4B39012301
,,,,,
,,,,,
,,,,,
<< 15.03.2019 11:32:20 >>,1,#73111,8B002363,-1,375VCJ130BM4B39012301
<< 15.03.2019 11:32:20 >>,3,#9080,Clip,-1,375VCJ130BM4B39012301
<< 15.03.2019 11:32:20 >>,19,B313_1B,Dichtpr?fung,-1,375VCJ130BM4B39012301
<< 15.03.2019 11:32:20 >>,1,#73111,8B002363,-1,375VCJ130BM4B39012301
,,,,,
<< 15.03.2019 11:32:28 >>,1,#73111,8B002363,-1,375VCJ130BM4B39012301
,,,,,
,,,,,
,,,,,
<< 15.03.2019 11:34:32 >>,2,A46_3B,,54,375VCJ130BM4B39012301
<< 15.03.2019 11:34:36 >>,3,#9080,Clip,-1,375VCJ130BM4B39012301
<< 15.03.2019 11:34:36 >>,0,#73111,8B002363,-1,375VCJ130BM4B39012301
,,,,,
,,,,,
,,,,,
<< 15.03.2019 11:36:27 >>,3,#73111,8B002363,-1,375VCJ130BM4B39012301
,,,,,
,,,,,
,,,,,
<< 15.03.2019 11:39:01 >>,4,#9080,Clip,-1,375VCJ130BM4B39012301
<< 15.03.2019 11:39:01 >>,1,#73111,8B002363,-1,375VCJ130BM4B39012301
,,,,,
,,,,,
,,,,,
<< 15.03.2019 11:41:09 >>,7,A46_3B,,2,375VCJ130BM4B39012301
<< 15.03.2019 11:41:09 >>,2,A46_3B,,8,375VCJ130BM4B39012301
<< 15.03.2019 11:41:09 >>,1,A46_3B,,4,375VCJ130BM4B39012301
<< 15.03.2019 11:41:09 >>,0,A46_3B,,5,375VCJ130BM4B39012301
<< 15.03.2019 11:41:13 >>,1,X13_4B,Dichtpr?fung,-1,375VCJ130BM4B39012301
<< 15.03.2019 11:41:13 >>,1,X13_4B,Dichtpr?fung,-1,375VCJ130BM4B39012301
,,,,,
,,,,,
<< 15.03.2019 11:44:01 >>,5,#9080,Clip,-1,375VCJ130BM4B39012301
<< 15.03.2019 11:44:01 >>,1,#73111,8B002363,-1,375VCJ130BM4B39012301
,,,,,
,,,,,
,,,,,
<< 15.03.2019 11:50:14 >>,0,#9080,Clip,-1,375VCJ130BM4B39012301
<< 15.03.2019 11:50:14 >>,32,#89981,Clip,-1,375VCJ130BM4B39012301
<< 15.03.2019 11:50:14 >>,0,#9080,Clip,-1,375VCJ130BM4B39012301
,,,,,
<< 15.03.2019 11:50:21 >>,1,#9080,Clip,-1,375VCJ130BM4B39012301
<< 15.03.2019 11:50:21 >>,1,#73111,8B002363,-1,375VCJ130BM4B39012301
,,,,,
,,,,,
,,,,,
<< 15.03.2019 11:52:24 >>,1,#9080,Clip,-1,375VCJ130BM4B39012301
<< 15.03.2019 11:52:24 >>,0,#73111,8B002363,-1,375VCJ130BM4B39012301
,,,,,
,,,,,
,,,,,
<< 15.03.2019 11:55:47 >>,1,#9080,Clip,-1,375VCJ130BM4B39012301
<< 15.03.2019 11:55:47 >>,6,X13_4B,Dichtpr?fung,-1,375VCJ130BM4B39012301
<< 15.03.2019 11:55:47 >>,1,#73111,8B002363,-1,375VCJ130BM4B39012301
,,,,,
,,,,,
,,,,,
<< 15.03.2019 11:57:49 >>,21,A46_3B,,30,375VCJ130BM4B39012301
<< 15.03.2019 11:57:52 >>,1,#73111,8B002363,-1,375VCJ130BM4B39012301
<< 15.03.2019 11:57:52 >>,1,#73111,8B002363,-1,375VCJ130BM4B39012301
,,,,,
<< 15.03.2019 11:57:57 >>,1,#73111,8B002363,-1,375VCJ130BM4B39012301
,,,,,
,,,,,
,,,,,
<< 15.03.2019 12:00:11 >>,1,#71675,Clip,-1,375VCJ130BM4B39012301
<< 15.03.2019 12:00:11 >>,7,X13_4B,Dichtpr?fung,-1,375VCJ130BM4B39012301
<< 15.03.2019 12:00:11 >>,1,#73111,8B002363,-1,375VCJ130BM4B39012301
,,,,,
,,,,,
,,,,,
<< 15.03.2019 12:07:08 >>,7,A46_3B,,2,375VCJ130BM4B39012301
<< 15.03.2019 12:07:08 >>,0,A46_3B,,8,375VCJ130BM4B39012301
<< 15.03.2019 12:07:08 >>,1,A46_3B,,4,375VCJ130BM4B39012301
<< 15.03.2019 12:07:08 >>,0,A46_3B,,5,375VCJ130BM4B39012301
<< 15.03.2019 12:07:10 >>,1,#9080,Clip,-1,375VCJ130BM4B39012301
<< 15.03.2019 12:07:10 >>,1,#9080,Clip,-1,375VCJ130BM4B39012301
,,,,,
,,,,,
,,,,,
<< 15.03.2019 12:10:12 >>,1,#9080,Clip,-1,34770934
<< 15.03.2019 12:10:12 >>,0,#73111,8B002363,-1,34770934
,,,,,
,,,,,
,,,,,
<< 15.03.2019 12:14:54 >>,0,#9080,Clip,-1,375VCJ130BM4B39012301
<< 15.03.2019 12:14:54 >>,35,#71674,Clip,-1,375VCJ130BM4B39012301
<< 15.03.2019 12:14:54 >>,0,#9080,Clip,-1,375VCJ130BM4B39012301
,,,,,
<< 15.03.2019 12:15:22 >>,2,#73111,8B002363,-1,375VCJ130BM4B39012301
<< 15.03.2019 12:15:22 >>,11,#9080,Clip,-1,375VCJ130BM4B39012301
<< 15.03.2019 12:15:22 >>,2,#73111,8B002363,-1,375VCJ130BM4B39012301
,,,,,
<< 15.03.2019 12:15:26 >>,1,#73111,8B002363,-1,375VCJ130BM4B39012301
,,,,,
,,,,,
,,,,,
<< 15.03.2019 12:17:49 >>,0,#73111,8B002363,-1,375VCJ130BM4B39012301
<< 15.03.2019 12:17:49 >>,2,#9080,Clip,-1,375VCJ130BM4B39012301
<< 15.03.2019 12:17:49 >>,21,X13_4B,Dichtpr?fung,-1,375VCJ130BM4B39012301
<< 15.03.2019 12:17:49 >>,0,#73111,8B002363,-1,375VCJ130BM4B39012301
,,,,,
<< 15.03.2019 12:17:53 >>,1,#73111,8B002363,-1,375VCJ130BM4B39012301
,,,,,
,,,,,
,,,,,
<< 15.03.2019 12:21:11 >>,9,X1399_1B,,4,375VCJ130BM4B39012301
<< 15.03.2019 12:21:11 >>,0,E357_1B,,1,375VCJ130BM4B39012301
<< 15.03.2019 12:21:29 >>,2,#71678,Clip,-1,375VCJ130BM4B39012301
<< 15.03.2019 12:21:29 >>,2,#9080,Clip,-1,375VCJ130BM4B39012301
<< 15.03.2019 12:21:29 >>,7,X13_4B,Dichtpr?fung,-1,375VCJ130BM4B39012301
<< 15.03.2019 12:21:29 >>,1,#73111,8B002363,-1,375VCJ130BM4B39012301
<< 15.03.2019 12:21:29 >>,3,E357_1B,Kappe,-1,375VCJ130BM4B39012301
,,,,,
,,,,,
,,,,,
<< 15.03.2019 12:22:47 >>,2,A46_3B,,54,375VCJ130BM4B39012301
<< 15.03.2019 12:22:59 >>,1,#71675,Clip,-1,375VCJ130BM4B39012301
<< 15.03.2019 12:22:59 >>,3,#9080,Clip,-1,375VCJ130BM4B39012301
<< 15.03.2019 12:22:59 >>,2,Y194_1B,CPA,-1,375VCJ130BM4B39012301
<< 15.03.2019 12:22:59 >>,2,Y195_1B,CPA,-1,375VCJ130BM4B39012301
<< 15.03.2019 12:22:59 >>,1,#73111,8B002363,-1,375VCJ130BM4B39012301
,,,,,
,,,,,
,,,,,
<< 15.03.2019 12:24:33 >>,6,A46_3B,,2,375VCJ130BM4B39012301
<< 15.03.2019 12:24:33 >>,0,A46_3B,,8,375VCJ130BM4B39012301
<< 15.03.2019 12:24:33 >>,0,A46_3B,,4,375VCJ130BM4B39012301
<< 15.03.2019 12:24:33 >>,0,A46_3B,,5,375VCJ130BM4B39012301
<< 15.03.2019 12:24:40 >>,5,#71670,Clip,-1,375VCJ130BM4B39012301
<< 15.03.2019 12:24:40 >>,5,#71670,Clip,-1,375VCJ130BM4B39012301
,,,,,
,,,,,
<< 15.03.2019 12:27:58 >>,2,#9080,Clip,-1,375VCJ130BM4B39012301
<< 15.03.2019 12:27:58 >>,2,Y195_1B,CPA,-1,375VCJ130BM4B39012301
<< 15.03.2019 12:27:58 >>,1,#73111,8B002363,-1,375VCJ130BM4B39012301
,,,,,
,,,,,
,,,,,
<< 15.03.2019 12:29:43 >>,4,#71676,Clip,-1,375VCJ130BM4B39012301
<< 15.03.2019 12:29:43 >>,4,Y195_1B,CPA,-1,375VCJ130BM4B39012301
<< 15.03.2019 12:29:43 >>,9,X13_4B,Dichtpr?fung,-1,375VCJ130BM4B39012301
<< 15.03.2019 12:29:43 >>,1,#73111,8B002363,-1,375VCJ130BM4B39012301
,,,,,
,,,,,
,,,,,
<< 15.03.2019 12:32:04 >>,1,Y195_1B,Kappe,-1,375VCJ130BM4B39012301
<< 15.03.2019 12:32:04 >>,7,#9080,Clip,-1,375VCJ130BM4B39012301
<< 15.03.2019 12:32:04 >>,21,Y195_1B,CPA,-1,375VCJ130BM4B39012301
<< 15.03.2019 12:32:04 >>,1,Y195_1B,Kappe,-1,375VCJ130BM4B39012301
,,,,,
<< 15.03.2019 12:32:30 >>,8,#71670,Clip,-1,375VCJ130BM4B39012301
<< 15.03.2019 12:32:30 >>,5,Y195_1B,CPA,-1,375VCJ130BM4B39012301
<< 15.03.2019 12:32:30 >>,2,Y195_1B,Kappe,-1,375VCJ130BM4B39012301
<< 15.03.2019 12:32:30 >>,2,#73111,8B002363,-1,375VCJ130BM4B39012301
<< 15.03.2019 12:32:30 >>,5,E357_1B,Kappe,-1,375VCJ130BM4B39012301
,,,,,
,,,,,
,,,,,
<< 15.03.2019 12:35:17 >>,3,#9080,Clip,-1,375VCJ130BM4B39012301
<< 15.03.2019 12:35:17 >>,1,Y194_1B,CPA,-1,375VCJ130BM4B39012301
<< 15.03.2019 12:35:17 >>,1,Y195_1B,CPA,-1,375VCJ130BM4B39012301
<< 15.03.2019 12:35:17 >>,8,X13_4B,Dichtpr?fung,-1,375VCJ130BM4B39012301
<< 15.03.2019 12:35:17 >>,1,#73111,8B002363,-1,375VCJ130BM4B39012301
<< 15.03.2019 12:35:17 >>,1,E357_1B,CPA,-1,375VCJ130BM4B39012301
,,,,,
,,,,,
,,,,,
<< 15.03.2019 12:37:22 >>,9,A46_3B,,45,375VCJ130BM4B39012301
<< 15.03.2019 12:37:39 >>,4,#89982,Clip,-1,375VCJ130BM4B39012301
<< 15.03.2019 12:37:39 >>,2,#9080,Clip,-1,375VCJ130BM4B39012301
<< 15.03.2019 12:37:39 >>,2,Y194_1B,CPA,-1,375VCJ130BM4B39012301
<< 15.03.2019 12:37:39 >>,3,Y195_1B,CPA,-1,375VCJ130BM4B39012301
<< 15.03.2019 12:37:39 >>,1,#73111,8B002363,-1,375VCJ130BM4B39012301
<< 15.03.2019 12:37:39 >>,2,E357_1B,CPA,-1,375VCJ130BM4B39012301
,,,,,
,,,,,
,,,,,
<< 15.03.2019 12:39:19 >>,1,#73111,8B002363,-1,375VCJ130BM4B39012301
,,,,,
,,,,,
,,,,,
<< 15.03.2019 12:40:45 >>,3,A46_3B,,30,375VCJ130BM4B39012301
<< 15.03.2019 12:40:56 >>,5,X13_4B,Dichtpr?fung,-1,375VCJ130BM4B39012301
<< 15.03.2019 12:40:56 >>,1,#73111,8B002363,-1,375VCJ130BM4B39012301
<< 15.03.2019 12:40:56 >>,3,E357_1B,Kappe,-1,375VCJ130BM4B39012301
,,,,,
,,,,,
,,,,,
<< 15.03.2019 12:42:26 >>,1,#73111,8B002363,-1,375VCJ130BM4B39012301
,,,,,
,,,,,
,,,,,
<< 15.03.2019 12:43:51 >>,1,#73111,8B002363,-1,375VCJ130BM4B39012301
,,,,,
,,,,,
,,,,,
<< 15.03.2019 12:45:06 >>,1,#73111,8B002363,-1,375VCJ130BM4B39012301
,,,,,
,,,,,
,,,,,
<< 15.03.2019 12:48:31 >>,65,A46_3B,,23,375VCJ130BM4B39012301
<< 15.03.2019 12:48:33 >>,0,#9080,Clip,-1,375VCJ130BM4B39012301
<< 15.03.2019 12:48:33 >>,0,#9080,Clip,-1,375VCJ130BM4B39012301
,,,,,
<< 15.03.2019 12:48:43 >>,2,#9080,Clip,-1,375VCJ130BM4B39012301
<< 15.03.2019 12:48:43 >>,2,Y190_1B,Kontakttr?ger,-1,375VCJ130BM4B39012301
<< 15.03.2019 12:48:43 >>,2,#73111,8B002363,-1,375VCJ130BM4B39012301
,,,,,
,,,,,
,,,,,
<< 15.03.2019 12:52:27 >>,0,#73111,8B002363,-1,375VCJ130BM4B39012301
<< 15.03.2019 12:52:27 >>,14,X13_4B,Dichtpr?fung,-1,375VCJ130BM4B39012301
<< 15.03.2019 12:52:27 >>,0,#73111,8B002363,-1,375VCJ130BM4B39012301
,,,,,
<< 15.03.2019 12:52:31 >>,1,#73111,8B002363,-1,375VCJ130BM4B39012301
,,,,,
,,,,,
,,,,,
<< 15.03.2019 12:54:21 >>,8,X13_4B,Dichtpr?fung,-1,375VCJ130BM4B39012301
<< 15.03.2019 12:54:21 >>,1,#73111,8B002363,-1,375VCJ130BM4B39012301
,,,,,
,,,,,
,,,,,
<< 15.03.2019 12:56:02 >>,20,A46_3B,,30,375VCJ130BM4B39012301
<< 15.03.2019 12:56:04 >>,0,#71678,Clip,-1,375VCJ130BM4B39012301
<< 15.03.2019 12:56:04 >>,0,#71678,Clip,-1,375VCJ130BM4B39012301
,,,,,
<< 15.03.2019 12:56:19 >>,1,#71678,Clip,-1,375VCJ130BM4B39012301
<< 15.03.2019 12:56:19 >>,2,#9080,Clip,-1,375VCJ130BM4B39012301
<< 15.03.2019 12:56:19 >>,6,B313_1B,Dichtpr?fung,-1,375VCJ130BM4B39012301
<< 15.03.2019 12:56:19 >>,1,#73111,8B002363,-1,375VCJ130BM4B39012301
,,,,,
,,,,,
,,,,,
,,,,,
<< 15.03.2019 13:00:06 >>,75,E357_1B,,1,375VCJ130BM4B39012301
<< 15.03.2019 13:00:08 >>,0,#71675,Clip,-1,375VCJ130BM4B39012301
<< 15.03.2019 13:00:08 >>,0,#71675,Clip,-1,375VCJ130BM4B39012301
,,,,,
<< 15.03.2019 13:00:20 >>,1,#71675,Clip,-1,375VCJ130BM4B39012301
<< 15.03.2019 13:00:20 >>,2,#9080,Clip,-1,375VCJ130BM4B39012301
<< 15.03.2019 13:00:20 >>,3,B313_1B,Dichtpr?fung,-1,375VCJ130BM4B39012301
<< 15.03.2019 13:00:20 >>,1,#73111,8B002363,-1,375VCJ130BM4B39012301
,,,,,
,,,,,
,,,,,
<< 15.03.2019 13:01:55 >>,0,#71670,Clip,-1,375VCJ130BM4B39012301
<< 15.03.2019 13:01:55 >>,5,#9080,Clip,-1,375VCJ130BM4B39012301
<< 15.03.2019 13:01:55 >>,0,#73111,8B002363,-1,375VCJ130BM4B39012301
,,,,,
,,,,,
,,,,,
<< 15.03.2019 13:04:24 >>,76,X1399_1B,,4,375VCJ130BM4B39012301
<< 15.03.2019 13:04:24 >>,0,X1398_1B,,4,375VCJ130BM4B39012301
<< 15.03.2019 13:04:24 >>,2,A46_3B,,54,375VCJ130BM4B39012301
<< 15.03.2019 13:04:28 >>,2,X13_4B,Dichtpr?fung,-1,375VCJ130BM4B39012301
<< 15.03.2019 13:04:28 >>,2,X13_4B,Dichtpr?fung,-1,375VCJ130BM4B39012301
,,,,,
,,,,,
<< 15.03.2019 13:06:01 >>,11,A46_3B,,2,375VCJ130BM4B39012301
<< 15.03.2019 13:06:01 >>,0,A46_3B,,8,375VCJ130BM4B39012301
<< 15.03.2019 13:06:01 >>,0,A46_3B,,4,375VCJ130BM4B39012301
<< 15.03.2019 13:06:01 >>,0,A46_3B,,5,375VCJ130BM4B39012301
<< 15.03.2019 13:06:01 >>,2,A46_3B,,54,375VCJ130BM4B39012301
<< 15.03.2019 13:06:04 >>,1,#71670,Clip,-1,375VCJ130BM4B39012301
<< 15.03.2019 13:06:04 >>,1,#71670,Clip,-1,375VCJ130BM4B39012301
,,,,,
,,,,,
<< 15.03.2019 13:07:52 >>,1,#71675,Clip,-1,375VCJ130BM4B39012301
<< 15.03.2019 13:07:52 >>,1,#73111,8B002363,-1,375VCJ130BM4B39012301
,,,,,
,,,,,
,,,,,
,,,,,
<< 15.03.2019 13:09:24 >>,1,#71675,Clip,-1,375VCJ130BM4B39012301
<< 15.03.2019 13:09:24 >>,1,#9080,Clip,-1,375VCJ130BM4B39012301
<< 15.03.2019 13:09:24 >>,3,Y195_1B,Kappe,-1,375VCJ130BM4B39012301
<< 15.03.2019 13:09:24 >>,2,X1398_1B,CPA,-1,375VCJ130BM4B39012301
<< 15.03.2019 13:09:24 >>,1,#73111,8B002363,-1,375VCJ130BM4B39012301
,,,,,
,,,,,
,,,,,
<< 15.03.2019 13:11:15 >>,34,A46_3B,,18,375VCJ130BM4B39012301
<< 15.03.2019 13:11:17 >>,0,#9080,Clip,-1,375VCJ130BM4B39012301
<< 15.03.2019 13:11:17 >>,0,#9080,Clip,-1,375VCJ130BM4B39012301
,,,,,
<< 15.03.2019 13:11:30 >>,2,#9080,Clip,-1,375VCJ130BM4B39012301
<< 15.03.2019 13:11:30 >>,5,X13_4B,Dichtpr?fung,-1,375VCJ130BM4B39012301
<< 15.03.2019 13:11:30 >>,2,#73111,8B002363,-1,375VCJ130BM4B39012301
,,,,,
,,,,,
,,,,,
<< 15.03.2019 13:13:14 >>,5,#71670,Clip,-1,375VCJ130BM4B39012301
<< 15.03.2019 13:13:14 >>,2,#9080,Clip,-1,375VCJ130BM4B39012301
<< 15.03.2019 13:13:14 >>,5,X13_4B,Dichtpr?fung,-1,375VCJ130BM4B39012301
<< 15.03.2019 13:13:14 >>,6,B313_1B,Dichtpr?fung,-1,375VCJ130BM4B39012301
<< 15.03.2019 13:13:14 >>,1,#73111,8B002363,-1,375VCJ130BM4B39012301
,,,,,
,,,,,
,,,,,
<< 15.03.2019 13:14:42 >>,2,#9080,Clip,-1,375VCJ130BM4B39012301
<< 15.03.2019 13:14:42 >>,4,X13_4B,Dichtpr?fung,-1,375VCJ130BM4B39012301
<< 15.03.2019 13:14:42 >>,1,#73111,8B002363,-1,375VCJ130BM4B39012301
<< 15.03.2019 13:14:42 >>,6,A46_3B,Hebel,-1,375VCJ130BM4B39012301
,,,,,
,,,,,
,,,,,
<< 15.03.2019 13:17:53 >>,0,B537_1B,,3,375VCJ130BM4B39012301
<< 15.03.2019 13:18:04 >>,2,#9080,Clip,-1,375VCJ130BM4B39012301
<< 15.03.2019 13:18:04 >>,7,X13_4B,Dichtpr?fung,-1,375VCJ130BM4B39012301
<< 15.03.2019 13:18:04 >>,1,#73111,8B002363,-1,375VCJ130BM4B39012301
,,,,,
,,,,,
,,,,,
<< 15.03.2019 13:19:22 >>,5,A46_3B,,46,375VCJ130BM4B39012301
<< 15.03.2019 13:19:26 >>,2,#9080,Clip,-1,375VCJ130BM4B39012301
<< 15.03.2019 13:19:26 >>,0,#73111,8B002363,-1,375VCJ130BM4B39012301
,,,,,
,,,,,
,,,,,
,,,,,
<< 15.03.2019 13:20:44 >>,2,#9080,Clip,-1,375VCJ130BM4B39012301
<< 15.03.2019 13:20:44 >>,0,#73111,8B002363,-1,375VCJ130BM4B39012301
,,,,,
,,,,,
,,,,,
<< 15.03.2019 13:22:08 >>,14,A46_3B,,30,375VCJ130BM4B39012301
<< 15.03.2019 13:22:11 >>,0,X13_4B,Dichtpr?fung,-1,375VCJ130BM4B39012301
<< 15.03.2019 13:22:11 >>,0,X13_4B,Dichtpr?fung,-1,375VCJ130BM4B39012301
,,,,,
<< 15.03.2019 13:22:21 >>,5,X13_4B,Dichtpr?fung,-1,375VCJ130BM4B39012301
<< 15.03.2019 13:22:21 >>,1,#73111,8B002363,-1,375VCJ130BM4B39012301
,,,,,
,,,,,
,,,,,
<< 15.03.2019 13:23:38 >>,7,M253_1B,,3,375VCJ130BM4B39012301
<< 15.03.2019 13:23:41 >>,1,#73111,8B002363,-1,375VCJ130BM4B39012301
,,,,,
,,,,,
,,,,,
,,,,,
<< 15.03.2019 13:26:57 >>,6,A46_3B,,54,375VCJ130BM4B39012301
<< 15.03.2019 13:27:04 >>,1,#71675,Clip,-1,375VCJ130BM4B39012301
<< 15.03.2019 13:27:04 >>,3,#71678,Clip,-1,375VCJ130BM4B39012301
<< 15.03.2019 13:27:04 >>,1,#9080,Clip,-1,375VCJ130BM4B39012301
,,,,,
,,,,,
,,,,,
<< 15.03.2019 13:28:26 >>,2,A46_3B,,54,375VCJ130BM4B39012301
<< 15.03.2019 13:28:29 >>,1,#73111,8B002363,-1,375VCJ130BM4B39012301
,,,,,
,,,,,
,,,,,
<< 15.03.2019 13:29:51 >>,2,#71675,Clip,-1,375VCJ130BM4B39012301
<< 15.03.2019 13:29:51 >>,6,X13_4B,Dichtpr?fung,-1,375VCJ130BM4B39012301
<< 15.03.2019 13:29:51 >>,1,#73111,8B002363,-1,375VCJ130BM4B39012301
,,,,,
,,,,,
,,,,,
<< 15.03.2019 13:31:47 >>,2,#71671,Clip,-1,375VCJ130BM4B39012301
<< 15.03.2019 13:31:47 >>,1,#71675,Clip,-1,375VCJ130BM4B39012301
<< 15.03.2019 13:31:47 >>,3,#9080,Clip,-1,375VCJ130BM4B39012301
<< 15.03.2019 13:31:47 >>,1,#73111,8B002363,-1,375VCJ130BM4B39012301
,,,,,
,,,,,
,,,,,
<< 15.03.2019 13:33:16 >>,2,X1398_1B,,4,375VCJ130BM4B39012301
<< 15.03.2019 13:33:18 >>,1,#73111,8B002363,-1,375VCJ130BM4B39012301
,,,,,
,,,,,
,,,,,
<< 15.03.2019 13:34:26 >>,3,A46_3B,,46,375VCJ130BM4B39012301
<< 15.03.2019 13:34:28 >>,2,#73111,8B002363,-1,375VCJ130BM4B39012301
,,,,,
,,,,,
,,,,,
<< 15.03.2019 13:35:38 >>,1,#9080,Clip,-1,375VCJ130BM4B39012301
<< 15.03.2019 13:35:38 >>,1,#73111,8B002363,-1,375VCJ130BM4B39012301
,,,,,
,,,,,
,,,,,
<< 15.03.2019 13:38:05 >>,0,#9080,Clip,-1,375VCJ130BM4B39012301
<< 15.03.2019 13:38:05 >>,1,#89981,Clip,-1,375VCJ130BM4B39012301
<< 15.03.2019 13:38:05 >>,20,#71675,Clip,-1,375VCJ130BM4B39012301
<< 15.03.2019 13:38:05 >>,0,#9080,Clip,-1,375VCJ130BM4B39012301
,,,,,
<< 15.03.2019 13:38:12 >>,1,#9080,Clip,-1,375VCJ130BM4B39012301
<< 15.03.2019 13:38:12 >>,0,#73111,8B002363,-1,375VCJ130BM4B39012301
,,,,,
,,,,,
,,,,,
<< 15.03.2019 13:39:54 >>,1,#9080,Clip,-1,375VCJ130BM4B39012301
<< 15.03.2019 13:39:54 >>,5,X13_4B,Dichtpr?fung,-1,375VCJ130BM4B39012301
<< 15.03.2019 13:39:54 >>,1,#73111,8B002363,-1,375VCJ130BM4B39012301
,,,,,
,,,,,
,,,,,
<< 15.03.2019 13:41:25 >>,1,#71675,Clip,-1,375VCJ130BM4B39012301
<< 15.03.2019 13:41:25 >>,2,#9080,Clip,-1,375VCJ130BM4B39012301
<< 15.03.2019 13:41:25 >>,2,Y195_1B,CPA,-1,375VCJ130BM4B39012301
<< 15.03.2019 13:41:25 >>,1,#73111,8B002363,-1,375VCJ130BM4B39012301
,,,,,
,,,,,
,,,,,
<< 15.03.2019 13:42:45 >>,3,A46_3B,,14,375VCJ130BM4B39012301
<< 15.03.2019 13:42:45 >>,3,X1398_1B,,4,375VCJ130BM4B39012301
<< 15.03.2019 13:42:45 >>,0,A46_3B,,54,375VCJ130BM4B39012301
<< 15.03.2019 13:42:49 >>,2,#71675,Clip,-1,375VCJ130BM4B39012301
,,,,,
,,,,,
,,,,,
<< 15.03.2019 13:45:05 >>,51,A46_3B,,33,375VCJ130BM4B39012301
<< 15.03.2019 13:45:05 >>,4,A46_3B,,30,375VCJ130BM4B39012301
<< 15.03.2019 13:45:07 >>,1,#9080,Clip,-1,375VCJ130BM4B39012301
<< 15.03.2019 13:45:07 >>,1,#9080,Clip,-1,375VCJ130BM4B39012301
,,,,,
,,,,,
<< 15.03.2019 13:46:30 >>,2,#71671,Clip,-1,375VCJ130BM4B39012301
<< 15.03.2019 13:46:30 >>,1,#73111,8B002363,-1,375VCJ130BM4B39012301
,,,,,
,,,,,
,,,,,
,,,,,
<< 15.03.2019 13:47:50 >>,3,Y195_1B,CPA,-1,375VCJ130BM4B39012301
<< 15.03.2019 13:47:50 >>,1,#73111,8B002363,-1,375VCJ130BM4B39012301
,,,,,
,,,,,
,,,,,
<< 15.03.2019 13:49:11 >>,2,A46_3B,,30,375VCJ130BM4B39012301
<< 15.03.2019 13:49:22 >>,3,#71675,Clip,-1,375VCJ130BM4B39012301
<< 15.03.2019 13:49:22 >>,3,#9080,Clip,-1,375VCJ130BM4B39012301
<< 15.03.2019 13:49:22 >>,2,Y195_1B,CPA,-1,375VCJ130BM4B39012301
<< 15.03.2019 13:49:22 >>,1,#73111,8B002363,-1,375VCJ130BM4B39012301
,,,,,
,,,,,
,,,,,
<< 15.03.2019 13:50:42 >>,5,A46_3B,,54,375VCJ130BM4B39012301
<< 15.03.2019 13:50:49 >>,2,#9080,Clip,-1,375VCJ130BM4B39012301
<< 15.03.2019 13:50:49 >>,2,Y195_1B,CPA,-1,375VCJ130BM4B39012301
<< 15.03.2019 13:50:49 >>,1,#73111,8B002363,-1,375VCJ130BM4B39012301
,,,,,
,,,,,
,,,,,
<< 15.03.2019 13:52:03 >>,2,#71675,Clip,-1,375VCJ130BM4B39012301
<< 15.03.2019 13:52:03 >>,3,Y195_1B,Kappe,-1,375VCJ130BM4B39012301
<< 15.03.2019 13:52:03 >>,1,#73111,8B002363,-1,375VCJ130BM4B39012301
,,,,,
,,,,,
,,,,,
<< 15.03.2019 13:53:10 >>,2,#9080,Clip,-1,375VCJ130BM4B39012301
<< 15.03.2019 13:53:10 >>,1,#73111,8B002363,-1,375VCJ130BM4B39012301
,,,,,
,,,,,
,,,,,
<< 15.03.2019 13:55:39 >>,71,X1399_1B,,4,375VCJ130BM4B39012301
<< 15.03.2019 13:55:39 >>,71,X1399_1B,,4,375VCJ130BM4B39012301
,,,,,
,,,,,
,,,,,
,,,,,
,,,,,
,,,,,
<< 15.03.2019 14:15:18 >>,2,Y195_1B,CPA,-1,375VCJ130BM4B39012301
<< 15.03.2019 14:15:18 >>,1,#73111,8B002363,-1,375VCJ130BM4B39012301
,,,,,
,,,,,
,,,,,
<< 15.03.2019 14:19:51 >>,2,#89981,Clip,-1,375VCJ130BM4B39012301
<< 15.03.2019 14:19:51 >>,1,#9080,Clip,-1,375VCJ130BM4B39012301
<< 15.03.2019 14:19:51 >>,1,#73111,8B002363,-1,375VCJ130BM4B39012301
,,,,,
,,,,,
,,,,,
<< 15.03.2019 14:21:43 >>,0,#9080,Clip,-1,375VCJ130BM4B39012301
<< 15.03.2019 14:21:43 >>,0,#73111,8B002363,-1,375VCJ130BM4B39012301
,,,,,
,,,,,
,,,,,
<< 15.03.2019 14:23:27 >>,7,A46_3B,,54,375VCJ130BM4B39012301
<< 15.03.2019 14:23:30 >>,0,#9080,Clip,-1,375VCJ130BM4B39012301
<< 15.03.2019 14:23:30 >>,1,#73111,8B002363,-1,375VCJ130BM4B39012301
,,,,,
,,,,,
,,,,,
<< 15.03.2019 14:25:08 >>,7,A46_3B,,50,375VCJ130BM4B39012301
<< 15.03.2019 14:25:12 >>,2,#71678,Clip,-1,375VCJ130BM4B39012301
<< 15.03.2019 14:25:12 >>,0,#9080,Clip,-1,375VCJ130BM4B39012301
,,,,,
,,,,,
,,,,,
<< 15.03.2019 14:30:30 >>,4,#89981,Clip,-1,375VCJ130BM4B39012301
<< 15.03.2019 14:30:30 >>,3,#71676,Clip,-1,375VCJ130BM4B39012301
<< 15.03.2019 14:30:30 >>,1,#71673,Clip,-1,375VCJ130BM4B39012301
<< 15.03.2019 14:30:30 >>,7,X13_4B,Dichtpr?fung,-1,375VCJ130BM4B39012301
<< 15.03.2019 14:30:30 >>,0,#73111,8B002363,-1,375VCJ130BM4B39012301
,,,,,
,,,,,
,,,,,
<< 15.03.2019 14:31:55 >>,1,#71678,Clip,-1,375VCJ130BM4B39012301
,,,,,
,,,,,
,,,,,
<< 15.03.2019 14:33:27 >>,5,X13_4B,Dichtpr?fung,-1,375VCJ130BM4B39012301
,,,,,
,,,,,
,,,,,
<< 15.03.2019 14:34:45 >>,1,#71675,Clip,-1,375VCJ130BM4B39012301
<< 15.03.2019 14:34:45 >>,0,#73111,8B002363,-1,375VCJ130BM4B39012301
,,,,,
,,,,,
,,,,,
<< 15.03.2019 14:37:18 >>,2,A46_3B,,49,375VCJ130BM4B39012301
<< 15.03.2019 14:37:40 >>,5,X13_4B,Dichtpr?fung,-1,375VCJ130BM4B39012301
<< 15.03.2019 14:37:40 >>,2,#73111,8B002363,-1,375VCJ130BM4B39012301
<< 15.03.2019 14:37:40 >>,12,X1398_1B,CPA,-1,375VCJ130BM4B39012301
,,,,,
<< 15.03.2019 14:38:25 >>,0,A46_3B,,49,375VCJ130BM4B39012301
<< 15.03.2019 14:38:25 >>,0,X1398_1B,,4,375VCJ130BM4B39012301
<< 15.03.2019 14:38:25 >>,6,A46_3B,,54,375VCJ130BM4B39012301
<< 15.03.2019 14:38:26 >>,0,X1398_1B,CPA,-1,375VCJ130BM4B39012301
,,,,,
,,,,,
,,,,,
<< 15.03.2019 14:40:49 >>,6,A46_3B,,54,375VCJ130BM4B39012301
<< 15.03.2019 14:40:57 >>,6,#71678,Clip,-1,375VCJ130BM4B39012301
<< 15.03.2019 14:40:57 >>,0,#73111,8B002363,-1,375VCJ130BM4B39012301
,,,,,
,,,,,
,,,,,
<< 15.03.2019 14:42:49 >>,0,#71678,Clip,-1,375VCJ130BM4B39012301
<< 15.03.2019 14:42:49 >>,5,X13_4B,Dichtpr?fung,-1,375VCJ130BM4B39012301
,,,,,
,,,,,
,,,,,
<< 15.03.2019 14:44:20 >>,3,#71672,Clip,-1,375VCJ130BM4B39012301
<< 15.03.2019 14:44:20 >>,2,#9080,Clip,-1,375VCJ130BM4B39012301
<< 15.03.2019 14:44:20 >>,1,#73111,8B002363,-1,375VCJ130BM4B39012301
,,,,,
,,,,,
,,,,,
<< 15.03.2019 14:46:19 >>,1,#73111,8B002363,-1,375VCJ130BM4B39012301
,,,,,
,,,,,
,,,,,
<< 15.03.2019 14:47:41 >>,0,#9080,Clip,-1,375VCJ130BM4B39012301
,,,,,
,,,,,
,,,,,
,,,,,
,,,,,
,,,,,
,,,,,
,,,,,
<< 15.03.2019 15:14:09 >>,3,#73111,8B002363,-1,375VCJ130BM4B39012301
,,,,,
,,,,,
,,,,,
<< 15.03.2019 15:26:01 >>,1,A46_3B,,54,375VCJ130BM4B39012301
<< 15.03.2019 15:26:17 >>,1,#73111,8B002363,-1,375VCJ130BM4B39012301
<< 15.03.2019 15:26:17 >>,11,X1398_1B,CPA,-1,375VCJ130BM4B39012301
,,,,,
<< 15.03.2019 15:26:36 >>,0,X1398_1B,,4,375VCJ130BM4B39012301
<< 15.03.2019 15:26:36 >>,4,A46_3B,,54,375VCJ130BM4B39012301
<< 15.03.2019 15:26:38 >>,1,#73111,8B002363,-1,375VCJ130BM4B39012301
,,,,,
,,,,,
,,,,,
<< 15.03.2019 15:28:13 >>,4,#89981,Clip,-1,375VCJ130BM4B39012301
,,,,,
,,,,,
,,,,,
<< 15.03.2019 15:29:56 >>,5,X13_4B,Dichtpr?fung,-1,375VCJ130BM4B39012301
<< 15.03.2019 15:29:56 >>,1,#73111,8B002363,-1,375VCJ130BM4B39012301
,,,,,
,,,,,
,,,,,
<< 15.03.2019 15:32:17 >>,1,A46_3B,,23,375VCJ130BM4B39012301
<< 15.03.2019 15:32:17 >>,2,X1398_1B,,4,375VCJ130BM4B39012301
<< 15.03.2019 15:32:33 >>,2,#73111,8B002363,-1,375VCJ130BM4B39012301
<< 15.03.2019 15:32:33 >>,10,X1398_1B,CPA,-1,375VCJ130BM4B39012301
,,,,,
<< 15.03.2019 15:32:47 >>,1,X1398_1B,,4,375VCJ130BM4B39012301
<< 15.03.2019 15:32:47 >>,0,A46_3B,,59,375VCJ130BM4B39012301
<< 15.03.2019 15:32:47 >>,3,A46_3B,,54,375VCJ130BM4B39012301
,,,,,
,,,,,
,,,,,
<< 15.03.2019 15:35:47 >>,9,A46_3B,,54,375VCJ130BM4B39012301
<< 15.03.2019 15:35:53 >>,5,#89981,Clip,-1,375VCJ130BM4B39012301
,,,,,
,,,,,
,,,,,
<< 15.03.2019 15:37:32 >>,1,#71672,Clip,-1,375VCJ130BM4B39012301
<< 15.03.2019 15:37:32 >>,2,#73111,Presence,-1,375VCJ130BM4B39012301
<< 15.03.2019 15:37:32 >>,1,#9080,Clip,-1,375VCJ130BM4B39012301
<< 15.03.2019 15:37:32 >>,0,#73111,8B002363,-1,375VCJ130BM4B39012301
,,,,,
,,,,,
,,,,,
<< 15.03.2019 15:38:55 >>,1,A46_3B,,49,375VCJ130BM4B39012301
<< 15.03.2019 15:38:55 >>,6,X1398_1B,,4,375VCJ130BM4B39012301
<< 15.03.2019 15:38:59 >>,1,X1398_1B,CPA,-1,375VCJ130BM4B39012301
<< 15.03.2019 15:38:59 >>,1,#73111,8B002363,-1,375VCJ130BM4B39012301
,,,,,
,,,,,
,,,,,
<< 15.03.2019 15:40:41 >>,6,X1398_1B,,4,375VCJ130BM4B39012301
<< 15.03.2019 15:40:41 >>,5,A46_3B,,54,375VCJ130BM4B39012301
<< 15.03.2019 15:40:54 >>,6,#9080,Clip,-1,375VCJ130BM4B39012301
<< 15.03.2019 15:40:54 >>,5,X13_4B,Dichtpr?fung,-1,375VCJ130BM4B39012301
,,,,,
,,,,,
,,,,,
<< 15.03.2019 15:43:31 >>,4,#9080,Clip,-1,375VCJ130BM4B39012302
<< 15.03.2019 15:43:31 >>,0,#73111,8B002363,-1,375VCJ130BM4B39012302
,,,,,
,,,,,
,,,,,
<< 15.03.2019 15:47:02 >>,6,E357_1B,Kappe,-1,375VCJ130BM4B39012302
<< 15.03.2019 15:47:02 >>,13,E357_1B,CPA,-1,375VCJ130BM4B39012302
,,,,,
,,,,,
,,,,,
,,,,,
<< 15.03.2019 15:48:43 >>,3,B537_1B,,2,375VCJ130BM4B39012302
<< 15.03.2019 15:48:43 >>,1,B537_1B,,1,375VCJ130BM4B39012302
<< 15.03.2019 15:48:55 >>,0,B537_1B,Kappe,-1,375VCJ130BM4B39012302
<< 15.03.2019 15:48:55 >>,5,Y195_1B,Kappe,-1,375VCJ130BM4B39012302
<< 15.03.2019 15:48:55 >>,4,X13_4B,Dichtpr?fung,-1,375VCJ130BM4B39012302
<< 15.03.2019 15:48:55 >>,0,#73111,8B002363,-1,375VCJ130BM4B39012302
,,,,,
,,,,,
,,,,,
,,,,,
,,,,,
,,,,,
<< 15.03.2019 15:51:37 >>,0,#89981,Clip,-1,375VCJ130BM4B39012302
<< 15.03.2019 15:51:37 >>,1,#9080,Clip,-1,375VCJ130BM4B39012302
<< 15.03.2019 15:51:37 >>,1,#73111,8B002363,-1,375VCJ130BM4B39012302
,,,,,
,,,,,
,,,,,
<< 15.03.2019 15:58:23 >>,4,X13_4B,Dichtpr?fung,-1,375VCJ130BM4B39012302
<< 15.03.2019 15:58:23 >>,1,#73111,8B002363,-1,375VCJ130BM4B39012302
,,,,,
,,,,,
,,,,,
<< 15.03.2019 16:00:04 >>,2,#89982,Clip,-1,375VCJ130BM4B39012302
<< 15.03.2019 16:00:04 >>,3,#9080,Clip,-1,375VCJ130BM4B39012302
<< 15.03.2019 16:00:04 >>,1,#73111,8B002363,-1,375VCJ130BM4B39012302
,,,,,
,,,,,
,,,,,
<< 15.03.2019 16:27:39 >>,1,#89981,Clip,-1,375VCJ130BM4B39012302
<< 15.03.2019 16:27:39 >>,2,#71675,Clip,-1,375VCJ130BM4B39012302
<< 15.03.2019 16:27:39 >>,0,#71673,Clip,-1,375VCJ130BM4B39012302
<< 15.03.2019 16:27:39 >>,1,#71674,Clip,-1,375VCJ130BM4B39012302
<< 15.03.2019 16:27:39 >>,1,#9080,Clip,-1,375VCJ130BM4B39012302
<< 15.03.2019 16:27:39 >>,4,X13_4B,Dichtpr?fung,-1,375VCJ130BM4B39012302
,,,,,
,,,,,
,,,,,
<< 15.03.2019 16:31:45 >>,4,X13_4B,Dichtpr?fung,-1,375VCJ130BM4B39012302
,,,,,
,,,,,
,,,,,
<< 15.03.2019 16:36:29 >>,4,#71678,Clip,-1,375VCJ130BM4B39012302
<< 15.03.2019 16:36:29 >>,5,X13_4B,Dichtpr?fung,-1,375VCJ130BM4B39012302
,,,,,
,,,,,
,,,,,
<< 15.03.2019 16:38:58 >>,1,X1398_1B,,4,375VCJ130BM4B39012302
<< 15.03.2019 16:39:22 >>,7,#73111,Presence,-1,375VCJ130BM4B39012302
<< 15.03.2019 16:39:22 >>,4,#71676,Clip,-1,375VCJ130BM4B39012302
<< 15.03.2019 16:39:22 >>,0,#9080,Clip,-1,375VCJ130BM4B39012302
<< 15.03.2019 16:39:22 >>,9,X1398_1B,CPA,-1,375VCJ130BM4B39012302
<< 15.03.2019 16:39:22 >>,1,#73111,8B002363,-1,375VCJ130BM4B39012302
,,,,,
,,,,,
,,,,,
<< 15.03.2019 16:41:36 >>,5,X13_4B,Dichtpr?fung,-1,375VCJ130BM4B39012302
<< 15.03.2019 16:41:36 >>,0,#73111,8B002363,-1,375VCJ130BM4B39012302
,,,,,
,,,,,
,,,,,
<< 15.03.2019 16:46:55 >>,8,A46_3B,,1,375VCJ130BM4B39012302
<< 15.03.2019 16:46:55 >>,2,X1398_1B,,4,375VCJ130BM4B39012302
<< 15.03.2019 16:47:05 >>,8,X1398_1B,CPA,-1,375VCJ130BM4B39012302
<< 15.03.2019 16:47:05 >>,0,#73111,8B002363,-1,375VCJ130BM4B39012302
,,,,,
,,,,,
,,,,,
<< 15.03.2019 16:48:59 >>,0,#89981,Clip,-1,375VCJ130BM4B39012302
<< 15.03.2019 16:48:59 >>,3,#71678,Clip,-1,375VCJ130BM4B39012302
,,,,,
,,,,,
,,,,,
<< 15.03.2019 16:52:33 >>,1,#73111,8B002363,-1,375VCJ130BM4B39012302
,,,,,
,,,,,
,,,,,
<< 15.03.2019 16:55:23 >>,5,X13_4B,Dichtpr?fung,-1,375VCJ130BM4B39012302
<< 15.03.2019 16:55:23 >>,0,#73111,8B002363,-1,375VCJ130BM4B39012302
,,,,,
,,,,,
,,,,,
<< 15.03.2019 17:01:30 >>,2,#71670,Clip,-1,375VCJ130BM4B39012302
<< 15.03.2019 17:01:30 >>,0,#73111,8B002363,-1,375VCJ130BM4B39012302
,,,,,
,,,,,
,,,,,
<< 15.03.2019 17:03:17 >>,5,X13_4B,Dichtpr?fung,-1,375VCJ130BM4B39012302
<< 15.03.2019 17:03:17 >>,1,#73111,8B002363,-1,375VCJ130BM4B39012302
,,,,,
,,,,,
,,,,,
<< 15.03.2019 17:14:13 >>,1,#71671,Clip,-1,375VCJ130BM4B39012302
<< 15.03.2019 17:14:13 >>,0,#71670,Clip,-1,375VCJ130BM4B39012302
<< 15.03.2019 17:14:13 >>,1,#73111,8B002363,-1,375VCJ130BM4B39012302
,,,,,
,,,,,
,,,,,
<< 15.03.2019 17:16:35 >>,0,#9080,Clip,-1,375VCJ130BM4B39012302
<< 15.03.2019 17:16:35 >>,5,X13_4B,Dichtpr?fung,-1,375VCJ130BM4B39012302
<< 15.03.2019 17:16:35 >>,1,#73111,8B002363,-1,375VCJ130BM4B39012302
,,,,,
,,,,,
,,,,,
<< 15.03.2019 17:20:33 >>,2,#9080,Clip,-1,376VHG140BM4B39012301
<< 15.03.2019 17:20:33 >>,2,#73111,8B002363,-1,376VHG140BM4B39012301
,,,,,
,,,,,
,,,,,
<< 15.03.2019 17:24:46 >>,4,X13_4B,Dichtpr?fung,-1,376VHG140BM4B39012301
<< 15.03.2019 17:24:46 >>,0,#73111,8B002363,-1,376VHG140BM4B39012301
,,,,,
,,,,,
,,,,,
<< 15.03.2019 17:26:15 >>,1,#73111,8B002363,-1,376VHG140BM4B39012301
,,,,,
,,,,,
,,,,,
<< 15.03.2019 17:28:28 >>,10,E357_1B,,1,376VHG140BM4B39012301
<< 15.03.2019 17:28:30 >>,1,#73111,8B002363,-1,376VHG140BM4B39012301
,,,,,
<< 15.03.2019 17:28:36 >>,0,#73111,8B002363,-1,376VHG140BM4B39012301
,,,,,
,,,,,
,,,,,
<< 15.03.2019 17:33:50 >>,4,#71671,Clip,-1,376VHG140BM4B39012301
<< 15.03.2019 17:33:50 >>,2,#71675,Clip,-1,376VHG140BM4B39012301
<< 15.03.2019 17:33:50 >>,0,#71674,Clip,-1,376VHG140BM4B39012301
<< 15.03.2019 17:33:50 >>,2,#9080,Clip,-1,376VHG140BM4B39012301
<< 15.03.2019 17:33:50 >>,5,X13_4B,Dichtpr?fung,-1,376VHG140BM4B39012301
<< 15.03.2019 17:33:50 >>,1,#73111,8B002363,-1,376VHG140BM4B39012301
,,,,,
,,,,,
,,,,,
<< 15.03.2019 17:36:16 >>,1,#9080,Clip,-1,376VHG140BM4B39012301
<< 15.03.2019 17:36:16 >>,0,#73111,8B002363,-1,376VHG140BM4B39012301
,,,,,
,,,,,
,,,,,
<< 15.03.2019 17:37:51 >>,1,#71672,Clip,-1,376VHG140BM4B39012301
<< 15.03.2019 17:37:51 >>,3,#89981,Clip,-1,376VHG140BM4B39012301
<< 15.03.2019 17:37:51 >>,6,X13_4B,Dichtpr?fung,-1,376VHG140BM4B39012301
<< 15.03.2019 17:37:51 >>,0,#73111,8B002363,-1,376VHG140BM4B39012301
,,,,,
,,,,,
,,,,,
<< 15.03.2019 17:40:01 >>,6,M253_1B,,3,376VHG140BM4B39012301
<< 15.03.2019 17:40:11 >>,8,M253_1B,CPA,-1,376VHG140BM4B39012301
<< 15.03.2019 17:40:11 >>,1,#73111,8B002363,-1,376VHG140BM4B39012301
,,,,,
,,,,,
,,,,,
<< 15.03.2019 17:41:29 >>,2,#73111,8B002363,-1,376VHG140BM4B39012301
,,,,,
,,,,,
,,,,,
<< 15.03.2019 17:43:01 >>,4,X13_4B,Dichtpr?fung,-1,376VHG140BM4B39012301
<< 15.03.2019 17:43:01 >>,0,#73111,8B002363,-1,376VHG140BM4B39012301
,,,,,
,,,,,
,,,,,
<< 15.03.2019 17:46:01 >>,0,#73111,8B002363,-1,376VHG140BM4B39012301
,,,,,
,,,,,
,,,,,
<< 15.03.2019 17:47:37 >>,1,A46_3B,,54,376VHG140BM4B39012301
<< 15.03.2019 17:47:45 >>,5,X1398_1B,CPA,-1,376VHG140BM4B39012301
<< 15.03.2019 17:47:45 >>,1,#73111,8B002363,-1,376VHG140BM4B39012301
,,,,,
,,,,,
,,,,,
<< 15.03.2019 17:49:18 >>,1,#89981,Clip,-1,376VHG140BM4B39012301
,,,,,
,,,,,
,,,,,
<< 15.03.2019 17:50:42 >>,2,#71670,Clip,-1,376VHG140BM4B39012301
<< 15.03.2019 17:50:42 >>,1,#73111,8B002363,-1,376VHG140BM4B39012301
,,,,,
,,,,,
,,,,,
<< 15.03.2019 17:52:36 >>,2,A46_3B,,40,376VHG140BM4B39012301
<< 15.03.2019 17:52:36 >>,1,A46_3B,,45,376VHG140BM4B39012301
<< 15.03.2019 17:52:36 >>,1,X1398_1B,,4,376VHG140BM4B39012301
<< 15.03.2019 17:52:51 >>,1,#9080,Clip,-1,376VHG140BM4B39012301
<< 15.03.2019 17:52:51 >>,4,X13_4B,Dichtpr?fung,-1,376VHG140BM4B39012301
<< 15.03.2019 17:52:51 >>,7,X1398_1B,CPA,-1,376VHG140BM4B39012301
<< 15.03.2019 17:52:51 >>,0,#73111,8B002363,-1,376VHG140BM4B39012301
,,,,,
,,,,,
,,,,,
<< 15.03.2019 17:56:15 >>,4,A46_3B,,30,376VHG140BM4B39012301
<< 15.03.2019 17:56:16 >>,0,#73111,8B002363,-1,376VHG140BM4B39012301
,,,,,
,,,,,
,,,,,
<< 15.03.2019 17:59:56 >>,17,A46_3B,,55,376VHG140BM4B39012301
<< 15.03.2019 17:59:56 >>,55,A46_3B,,60,376VHG140BM4B39012301
<< 15.03.2019 17:59:58 >>,0,#9080,Clip,-1,376VHG140BM4B39012301
<< 15.03.2019 17:59:58 >>,0,#9080,Clip,-1,376VHG140BM4B39012301
,,,,,
,,,,,
<< 15.03.2019 18:20:45 >>,6,X13_4B,Dichtpr?fung,-1,376VHG140BM4B39012301
,,,,,
,,,,,
,,,,,
<< 15.03.2019 18:22:23 >>,1,#73111,8B002363,-1,376VHG140BM4B39012301
,,,,,
,,,,,
,,,,,
<< 15.03.2019 18:24:06 >>,9,X13_4B,Dichtpr?fung,-1,376VHG140BM4B39012301
<< 15.03.2019 18:24:06 >>,0,#73111,8B002363,-1,376VHG140BM4B39012301
,,,,,
,,,,,
,,,,,
<< 15.03.2019 18:25:51 >>,6,A46_3B,,54,376VHG140BM4B39012301
<< 15.03.2019 18:25:53 >>,1,#9080,Clip,-1,376VHG140BM4B39012301
,,,,,
,,,,,
,,,,,
<< 15.03.2019 18:29:50 >>,6,X13_4B,Dichtpr?fung,-1,376VHG140BM4B39012301
<< 15.03.2019 18:29:50 >>,2,A46_3B,Hebel,-1,376VHG140BM4B39012301
,,,,,
,,,,,
,,,,,
<< 15.03.2019 18:31:18 >>,3,X1398_1B,,4,376VHG140BM4B39012301
<< 15.03.2019 18:31:27 >>,5,X13_4B,Dichtpr?fung,-1,376VHG140BM4B39012301
<< 15.03.2019 18:31:27 >>,2,#73111,8B002363,-1,376VHG140BM4B39012301
,,,,,
,,,,,
,,,,,
<< 15.03.2019 18:34:54 >>,0,#9080,Clip,-1,376VHG140BM4B39012301
<< 15.03.2019 18:34:54 >>,5,X13_4B,Dichtpr?fung,-1,376VHG140BM4B39012301
<< 15.03.2019 18:34:54 >>,1,#73111,8B002363,-1,376VHG140BM4B39012301
,,,,,
,,,,,
,,,,,
<< 15.03.2019 18:37:09 >>,1,#71675,Clip,-1,376VHG140BM4B39012301
<< 15.03.2019 18:37:09 >>,2,#71673,Clip,-1,376VHG140BM4B39012301
<< 15.03.2019 18:37:09 >>,4,Y195_1B,Kappe,-1,376VHG140BM4B39012301
<< 15.03.2019 18:37:09 >>,5,X13_4B,Dichtpr?fung,-1,376VHG140BM4B39012301
<< 15.03.2019 18:37:09 >>,0,#73111,8B002363,-1,376VHG140BM4B39012301
,,,,,
,,,,,
,,,,,
<< 15.03.2019 18:42:30 >>,1,#89981,Clip,-1,376VHG140BM4B39012301
<< 15.03.2019 18:42:30 >>,5,X13_4B,Dichtpr?fung,-1,376VHG140BM4B39012301
<< 15.03.2019 18:42:30 >>,0,#73111,8B002363,-1,376VHG140BM4B39012301
<< 15.03.2019 18:42:30 >>,17,E357_1B,Kappe,-1,376VHG140BM4B39012301
,,,,,
<< 15.03.2019 18:42:36 >>,0,#73111,8B002363,-1,376VHG140BM4B39012301
,,,,,
,,,,,
,,,,,
<< 15.03.2019 18:45:01 >>,2,M253_1B,Kappe1,-1,376VHG140BM4B39012301
<< 15.03.2019 18:45:01 >>,0,#73111,8B002363,-1,376VHG140BM4B39012301
,,,,,
,,,,,
,,,,,
<< 15.03.2019 18:47:16 >>,6,A46_3B,,46,376VHG140BM4B39012301
<< 15.03.2019 18:47:25 >>,6,X13_4B,Dichtpr?fung,-1,376VHG140BM4B39012301
<< 15.03.2019 18:47:25 >>,2,#73111,8B002363,-1,376VHG140BM4B39012301
,,,,,
,,,,,
,,,,,
<< 15.03.2019 18:49:38 >>,0,#71674,Clip,-1,376VHG140BM4B39012301
<< 15.03.2019 18:49:38 >>,1,#9080,Clip,-1,376VHG140BM4B39012301
<< 15.03.2019 18:49:38 >>,0,#73111,8B002363,-1,376VHG140BM4B39012301
,,,,,
,,,,,
,,,,,
<< 15.03.2019 18:51:52 >>,25,A46_3B,,32,376VHG140BM4B39012301
<< 15.03.2019 18:52:08 >>,10,X697_1S,Dichtpr?fung,-1,376VHG140BM4B39012301
<< 15.03.2019 18:52:08 >>,1,#9080,Clip,-1,376VHG140BM4B39012301
<< 15.03.2019 18:52:08 >>,2,#73111,8B002363,-1,376VHG140BM4B39012301
<< 15.03.2019 18:52:08 >>,10,X697_1S,Dichtpr?fung,-1,376VHG140BM4B39012301
,,,,,
<< 15.03.2019 18:52:57 >>,42,A46_3B,,32,376VHG140BM4B39012301
<< 15.03.2019 18:52:57 >>,42,A46_3B,,32,376VHG140BM4B39012301
,,,,,
,,,,,
<< 15.03.2019 18:55:19 >>,2,#71678,Clip,-1,376VHG140BM4B39012301
<< 15.03.2019 18:55:19 >>,1,#9080,Clip,-1,376VHG140BM4B39012301
<< 15.03.2019 18:55:19 >>,0,#73111,8B002363,-1,376VHG140BM4B39012301
,,,,,
,,,,,
,,,,,
<< 15.03.2019 18:56:57 >>,2,X1398_1B,,4,376VHG140BM4B39012301
<< 15.03.2019 18:57:14 >>,6,X13_4B,Dichtpr?fung,-1,376VHG140BM4B39012301
<< 15.03.2019 18:57:14 >>,7,X1398_1B,CPA,-1,376VHG140BM4B39012301
<< 15.03.2019 18:57:14 >>,2,#73111,8B002363,-1,376VHG140BM4B39012301
,,,,,
,,,,,
,,,,,
<< 15.03.2019 18:59:57 >>,1,#9080,Clip,-1,376VHG140BM4B39012301
<< 15.03.2019 18:59:57 >>,23,#89982,Clip,-1,376VHG140BM4B39012301
<< 15.03.2019 18:59:57 >>,1,#9080,Clip,-1,376VHG140BM4B39012301
,,,,,
<< 15.03.2019 19:00:08 >>,1,#9080,Clip,-1,376VHG140BM4B39012301
<< 15.03.2019 19:00:08 >>,5,X13_4B,Dichtpr?fung,-1,376VHG140BM4B39012301
<< 15.03.2019 19:00:08 >>,1,#73111,8B002363,-1,376VHG140BM4B39012301
,,,,,
,,,,,
,,,,,
<< 15.03.2019 19:02:07 >>,1,#73111,8B002363,-1,376VHG140BM4B39012301
,,,,,
,,,,,
,,,,,
<< 15.03.2019 19:03:57 >>,1,X1398_1B,,4,376VHG140BM4B39012301
<< 15.03.2019 19:04:21 >>,2,#73111,8B002363,-1,376VHG140BM4B39012301
<< 15.03.2019 19:04:21 >>,2,#71676,Clip,-1,376VHG140BM4B39012301
<< 15.03.2019 19:04:21 >>,11,X1398_1B,CPA,-1,376VHG140BM4B39012301
<< 15.03.2019 19:04:21 >>,2,#73111,8B002363,-1,376VHG140BM4B39012301
,,,,,
<< 15.03.2019 19:04:35 >>,1,#9080,Clip,-1,376VHG140BM4B39012301
<< 15.03.2019 19:04:35 >>,8,X1398_1B,CPA,-1,376VHG140BM4B39012301
<< 15.03.2019 19:04:35 >>,0,#73111,8B002363,-1,376VHG140BM4B39012301
,,,,,
,,,,,
,,,,,
<< 15.03.2019 19:06:10 >>,8,E357_1B,,1,376VHG140BM4B39012301
<< 15.03.2019 19:06:23 >>,1,#9080,Clip,-1,376VHG140BM4B39012301
<< 15.03.2019 19:06:23 >>,1,#73111,8B002363,-1,376VHG140BM4B39012301
<< 15.03.2019 19:06:23 >>,9,E357_1B,CPA,-1,376VHG140BM4B39012301
,,,,,
,,,,,
,,,,,
<< 15.03.2019 19:07:53 >>,0,#9080,Clip,-1,376VHG140BM4B39012301
<< 15.03.2019 19:07:53 >>,2,M253_1B,Kappe1,-1,376VHG140BM4B39012301
<< 15.03.2019 19:07:53 >>,1,#73111,8B002363,-1,376VHG140BM4B39012301
,,,,,
,,,,,
,,,,,
<< 15.03.2019 19:10:46 >>,75,A46_3B,,30,376VHG140BM4B39012301
<< 15.03.2019 19:10:48 >>,1,#71670,Clip,-1,376VHG140BM4B39012301
<< 15.03.2019 19:10:48 >>,1,#71670,Clip,-1,376VHG140BM4B39012301
,,,,,
<< 15.03.2019 19:10:57 >>,2,#71670,Clip,-1,376VHG140BM4B39012301
<< 15.03.2019 19:10:57 >>,2,#71670,Clip,-1,376VHG140BM4B39012301
,,,,,
,,,,,
<< 15.03.2019 19:13:29 >>,18,A46_3B,,33,376VHG140BM4B39012301
<< 15.03.2019 19:13:33 >>,2,#73111,8B002363,-1,376VHG140BM4B39012301
<< 15.03.2019 19:13:33 >>,2,#73111,8B002363,-1,376VHG140BM4B39012301
,,,,,
<< 15.03.2019 19:13:37 >>,1,#73111,8B002363,-1,376VHG140BM4B39012301
,,,,,
,,,,,
,,,,,
<< 15.03.2019 19:15:34 >>,5,X13_4B,Dichtpr?fung,-1,376VHG140BM4B39012301
<< 15.03.2019 19:15:34 >>,0,#73111,8B002363,-1,376VHG140BM4B39012301
,,,,,
,,,,,
,,,,,
<< 15.03.2019 19:17:10 >>,2,A46_3B,,54,376VHG140BM4B39012301
<< 15.03.2019 19:17:18 >>,6,X1398_1B,CPA,-1,376VHG140BM4B39012301
<< 15.03.2019 19:17:18 >>,0,#73111,8B002363,-1,376VHG140BM4B39012301
,,,,,
,,,,,
,,,,,
<< 15.03.2019 19:19:16 >>,2,A46_3B,,54,376VHG140BM4B39012301
<< 15.03.2019 19:19:29 >>,5,X13_4B,Dichtpr?fung,-1,376VHG140BM4B39012301
<< 15.03.2019 19:19:29 >>,5,X1398_1B,CPA,-1,376VHG140BM4B39012301
<< 15.03.2019 19:19:29 >>,1,#73111,8B002363,-1,376VHG140BM4B39012301
,,,,,
,,,,,
,,,,,
<< 15.03.2019 19:23:53 >>,1,#73111,8B002363,-1,376VHG140BM4B39012301
,,,,,
,,,,,
,,,,,
<< 15.03.2019 19:25:19 >>,1,#73111,8B002363,-1,376VHG140BM4B39012301
,,,,,
,,,,,
,,,,,
<< 15.03.2019 19:29:17 >>,25,B537_1B,,2,376VHG140BM4B39012301
<< 15.03.2019 19:29:22 >>,1,#71678,Clip,-1,376VHG140BM4B39012301
<< 15.03.2019 19:29:22 >>,1,#71678,Clip,-1,376VHG140BM4B39012301
,,,,,
<< 15.03.2019 19:29:33 >>,7,X13_4B,Dichtpr?fung,-1,376VHG140BM4B39012301
<< 15.03.2019 19:29:33 >>,0,#73111,8B002363,-1,376VHG140BM4B39012301
,,,,,
,,,,,
,,,,,
<< 15.03.2019 19:31:32 >>,11,A46_3B,,54,376VHG140BM4B39012301
<< 15.03.2019 19:31:35 >>,1,#73111,8B002363,-1,376VHG140BM4B39012301
<< 15.03.2019 19:31:35 >>,1,#73111,8B002363,-1,376VHG140BM4B39012301
,,,,,
<< 15.03.2019 19:31:39 >>,0,#73111,8B002363,-1,376VHG140BM4B39012301
,,,,,
,,,,,
,,,,,
<< 15.03.2019 19:33:15 >>,1,X1398_1B,,4,376VHG140BM4B39012301
<< 15.03.2019 19:33:15 >>,0,A46_3B,,59,376VHG140BM4B39012301
<< 15.03.2019 19:33:22 >>,5,X1398_1B,CPA,-1,376VHG140BM4B39012301
<< 15.03.2019 19:33:22 >>,0,#73111,8B002363,-1,376VHG140BM4B39012301
,,,,,
,,,,,
,,,,,
<< 15.03.2019 19:37:37 >>,10,A46_3B,,54,376VHG140BM4B39012301
<< 15.03.2019 19:37:37 >>,1,A46_3B,,32,376VHG140BM4B39012301
<< 15.03.2019 19:37:39 >>,1,#71676,Clip,-1,376VHG140BM4B39012301
<< 15.03.2019 19:37:39 >>,1,#71676,Clip,-1,376VHG140BM4B39012301
,,,,,
<< 15.03.2019 19:37:43 >>,1,A46_3B,,32,376VHG140BM4B39012301
<< 15.03.2019 19:38:48 >>,4,#71676,Clip,-1,376VHG140BM4B39012301
<< 15.03.2019 19:38:48 >>,6,X1398_1B,CPA,-1,376VHG140BM4B39012301
<< 15.03.2019 19:38:48 >>,1,#73111,8B002363,-1,376VHG140BM4B39012301
<< 15.03.2019 19:38:48 >>,46,A46_3B,Sekund?rverriegelung2,-1,376VHG140BM4B39012301
,,,,,
<< 15.03.2019 19:38:54 >>,0,#73111,8B002363,-1,376VHG140BM4B39012301
,,,,,
,,,,,
,,,,,
<< 15.03.2019 19:41:45 >>,2,X1398_1B,,4,376VHG140BM4B39012301
<< 15.03.2019 19:41:45 >>,0,A46_3B,,59,376VHG140BM4B39012301
<< 15.03.2019 19:42:02 >>,2,#9080,Clip,-1,376VHG140BM4B39012301
<< 15.03.2019 19:42:02 >>,7,X13_4B,Dichtpr?fung,-1,376VHG140BM4B39012301
<< 15.03.2019 19:42:02 >>,5,X1398_1B,CPA,-1,376VHG140BM4B39012301
<< 15.03.2019 19:42:02 >>,0,#73111,8B002363,-1,376VHG140BM4B39012301
,,,,,
,,,,,
,,,,,
<< 15.03.2019 19:43:39 >>,1,#73111,8B002363,-1,376VHG140BM4B39012301
,,,,,
,,,,,
,,,,,
<< 15.03.2019 19:46:34 >>,42,X1398_1B,,4,376VHG140BM4B39012301
<< 15.03.2019 19:46:38 >>,1,X13_4B,Dichtpr?fung,-1,376VHG140BM4B39012301
<< 15.03.2019 19:46:38 >>,1,X13_4B,Dichtpr?fung,-1,376VHG140BM4B39012301
,,,,,
<< 15.03.2019 19:47:40 >>,57,X1398_1B,,4,376VHG140BM4B39012301
<< 15.03.2019 19:47:43 >>,1,X13_4B,Dichtpr?fung,-1,376VHG140BM4B39012301
<< 15.03.2019 19:47:43 >>,1,X13_4B,Dichtpr?fung,-1,376VHG140BM4B39012301
,,,,,
<< 15.03.2019 19:47:49 >>,1,#73111,8B002363,-1,376VHG140BM4B39012301
,,,,,
,,,,,
,,,,,
<< 15.03.2019 19:50:12 >>,50,A46_3B,,23,376VHG140BM4B39012301
<< 15.03.2019 19:50:12 >>,50,A46_3B,,23,376VHG140BM4B39012301
,,,,,
,,,,,
<< 15.03.2019 19:56:21 >>,3,#71673,Clip,-1,376VHG140BM4B39012301
<< 15.03.2019 19:56:21 >>,1,#73111,8B002363,-1,376VHG140BM4B39012301
<< 15.03.2019 19:56:21 >>,121,A46_3B,Sekund?rverriegelung2,-1,376VHG140BM4B39012301
,,,,,
<< 15.03.2019 19:56:27 >>,1,#73111,8B002363,-1,376VHG140BM4B39012301
,,,,,
,,,,,
,,,,,
<< 15.03.2019 19:57:48 >>,1,X1398_1B,,4,376VHG140BM4B39012301
<< 15.03.2019 19:57:48 >>,0,A46_3B,,59,376VHG140BM4B39012301
<< 15.03.2019 19:57:54 >>,5,X1398_1B,CPA,-1,376VHG140BM4B39012301
<< 15.03.2019 19:57:54 >>,0,#73111,8B002363,-1,376VHG140BM4B39012301
,,,,,
,,,,,
,,,,,
<< 15.03.2019 20:00:02 >>,2,#9080,Clip,-1,376VHG140BM4B39012301
<< 15.03.2019 20:00:02 >>,0,#73111,8B002363,-1,376VHG140BM4B39012301
,,,,,
,,,,,
,,,,,
<< 15.03.2019 20:02:51 >>,19,A46_3B,,28,376VHG140BM4B39012301
<< 15.03.2019 20:02:54 >>,2,#89982,Verrastung,-1,376VHG140BM4B39012301
<< 15.03.2019 20:02:54 >>,2,#89982,Verrastung,-1,376VHG140BM4B39012301
,,,,,
<< 15.03.2019 20:03:06 >>,9,A46_3B,,28,376VHG140BM4B39012301
<< 15.03.2019 20:03:15 >>,7,#89982,Verrastung,-1,376VHG140BM4B39012301
<< 15.03.2019 20:03:15 >>,1,#73111,8B002363,-1,376VHG140BM4B39012301
,,,,,
,,,,,
,,,,,
<< 15.03.2019 20:04:51 >>,2,#73111,8B002363,-1,376VHG140BM4B39012301
,,,,,
,,,,,
,,,,,
<< 15.03.2019 20:07:30 >>,0,#9080,Clip,-1,376VHG140BM4B39012301
<< 15.03.2019 20:07:30 >>,1,#73111,8B002363,-1,376VHG140BM4B39012301
,,,,,
,,,,,
,,,,,
<< 15.03.2019 20:09:47 >>,3,M253_1B,Kappe1,-1,376VHG140BM4B39012301
<< 15.03.2019 20:09:47 >>,1,#73111,8B002363,-1,376VHG140BM4B39012301
,,,,,
,,,,,
,,,,,
<< 15.03.2019 20:14:28 >>,5,#71676,Clip,-1,376VHG140BM4B39012301
<< 15.03.2019 20:14:28 >>,2,#71673,Clip,-1,376VHG140BM4B39012301
<< 15.03.2019 20:14:28 >>,1,#73111,8B002363,-1,376VHG140BM4B39012301
<< 15.03.2019 20:14:28 >>,3,A46_3B,Hebel,-1,376VHG140BM4B39012301
,,,,,
,,,,,
,,,,,
<< 15.03.2019 20:17:20 >>,43,A46_3B,,23,376VHG140BM4B39012301
<< 15.03.2019 20:17:22 >>,0,#9080,Clip,-1,376VHG140BM4B39012301
<< 15.03.2019 20:17:22 >>,0,#9080,Clip,-1,376VHG140BM4B39012301
,,,,,
<< 15.03.2019 20:17:27 >>,1,#9080,Clip,-1,376VHG140BM4B39012301
<< 15.03.2019 20:17:27 >>,0,#73111,8B002363,-1,376VHG140BM4B39012301
,,,,,
,,,,,
,,,,,
<< 15.03.2019 20:19:06 >>,0,#9080,Clip,-1,376VHG140BM4B39012301
<< 15.03.2019 20:19:06 >>,0,#73111,8B002363,-1,376VHG140BM4B39012301
,,,,,
,,,,,
,,,,,
<< 15.03.2019 20:20:53 >>,0,#73111,8B002363,-1,376VHG140BM4B39012301
,,,,,
,,,,,
,,,,,
<< 15.03.2019 20:22:18 >>,0,#73111,8B002363,-1,376VHG140BM4B39012301
,,,,,
,,,,,
,,,,,
<< 15.03.2019 20:24:27 >>,1,#9080,Clip,-1,376VHG140BM4B39012301
<< 15.03.2019 20:24:27 >>,5,X13_4B,Dichtpr?fung,-1,376VHG140BM4B39012301
,,,,,
,,,,,
,,,,,
<< 15.03.2019 20:26:22 >>,1,A46_3B,,49,376VHG140BM4B39012301
<< 15.03.2019 20:26:31 >>,0,#71678,Clip,-1,376VHG140BM4B39012301
<< 15.03.2019 20:26:31 >>,0,#9080,Clip,-1,376VHG140BM4B39012301
<< 15.03.2019 20:26:31 >>,6,X1398_1B,CPA,-1,376VHG140BM4B39012301
<< 15.03.2019 20:26:31 >>,0,#73111,8B002363,-1,376VHG140BM4B39012301
,,,,,
,,,,,
,,,,,
<< 15.03.2019 20:29:00 >>,39,A46_3B,,24,376VHG140BM4B39012301
<< 15.03.2019 20:29:48 >>,2,#9080,Clip,-1,376VHG140BM4B39012301
<< 15.03.2019 20:29:48 >>,2,#9080,Clip,-1,376VHG140BM4B39012301
,,,,,
<< 15.03.2019 20:30:48 >>,52,A46_3B,,24,376VHG140BM4B39012301
<< 15.03.2019 20:30:48 >>,52,A46_3B,,24,376VHG140BM4B39012301
,,,,,
,,,,,
<< 15.03.2019 20:33:18 >>,20,A46_3B,,23,376VHG140BM4B39012301
<< 15.03.2019 20:33:18 >>,20,A46_3B,,23,376VHG140BM4B39012301
,,,,,
,,,,,
<< 15.03.2019 20:34:42 >>,1,#9080,Clip,-1,376VHG140BM4B39012301
<< 15.03.2019 20:34:42 >>,5,X13_4B,Dichtpr?fung,-1,376VHG140BM4B39012301
<< 15.03.2019 20:34:42 >>,0,#73111,8B002363,-1,376VHG140BM4B39012301
,,,,,
,,,,,
,,,,,
<< 15.03.2019 20:36:26 >>,1,A46_3B,,54,376VHG140BM4B39012301
<< 15.03.2019 20:36:37 >>,1,#9080,Clip,-1,376VHG140BM4B39012301
<< 15.03.2019 20:36:37 >>,7,X1398_1B,CPA,-1,376VHG140BM4B39012301
<< 15.03.2019 20:36:37 >>,0,#73111,8B002363,-1,376VHG140BM4B39012301
,,,,,
,,,,,
,,,,,
<< 15.03.2019 20:38:32 >>,6,X13_4B,Dichtpr?fung,-1,376VHG140BM4B39012301
<< 15.03.2019 20:38:32 >>,0,#73111,8B002363,-1,376VHG140BM4B39012301
,,,,,
,,,,,
,,,,,
<< 15.03.2019 20:41:30 >>,4,A46_3B,,20,376VHG140BM4B39012301
<< 15.03.2019 20:41:47 >>,1,M253_1B,Kappe1,-1,376VHG140BM4B39012301
<< 15.03.2019 20:41:47 >>,10,M253_1B,CPA,-1,376VHG140BM4B39012301
<< 15.03.2019 20:41:47 >>,1,M253_1B,Kappe1,-1,376VHG140BM4B39012301
,,,,,
<< 15.03.2019 20:41:57 >>,2,M253_1B,Kappe1,-1,376VHG140BM4B39012301
<< 15.03.2019 20:41:57 >>,4,X13_4B,Dichtpr?fung,-1,376VHG140BM4B39012301
<< 15.03.2019 20:41:57 >>,0,#73111,8B002363,-1,376VHG140BM4B39012301
,,,,,
,,,,,
,,,,,
<< 15.03.2019 20:43:37 >>,1,#9080,Clip,-1,376VHG140BM4B39012301
<< 15.03.2019 20:43:37 >>,0,#73111,8B002363,-1,376VHG140BM4B39012301
,,,,,
,,,,,
,,,,,
<< 15.03.2019 20:44:58 >>,4,X13_4B,Dichtpr?fung,-1,376VHG140BM4B39012301
<< 15.03.2019 20:44:58 >>,0,#73111,8B002363,-1,376VHG140BM4B39012301
,,,,,
,,,,,
,,,,,
<< 15.03.2019 20:46:52 >>,2,M253_1B,,1,376VHG140BM4B39012301
<< 15.03.2019 20:47:05 >>,7,#89981,Clip,-1,376VHG140BM4B39012301
<< 15.03.2019 20:47:05 >>,5,X13_4B,Dichtpr?fung,-1,376VHG140BM4B39012301
,,,,,
,,,,,
,,,,,
<< 15.03.2019 20:49:57 >>,1,#9080,Clip,-1,376VHG140BM4B39012301
<< 15.03.2019 20:49:57 >>,0,#73111,8B002363,-1,376VHG140BM4B39012301
,,,,,
,,,,,
,,,,,
<< 15.03.2019 20:52:51 >>,1,#9080,Clip,-1,376VHG140BM4B39012301
<< 15.03.2019 20:52:51 >>,0,#73111,8B002363,-1,376VHG140BM4B39012301
,,,,,
,,,,,
,,,,,
<< 15.03.2019 20:55:36 >>,3,#9080,Clip,-1,376VHG140BM4B39012301
<< 15.03.2019 20:55:36 >>,6,X13_4B,Dichtpr?fung,-1,376VHG140BM4B39012301
<< 15.03.2019 20:55:36 >>,1,#73111,8B002363,-1,376VHG140BM4B39012301
,,,,,
,,,,,
,,,,,
<< 15.03.2019 20:58:55 >>,0,#73111,8B002363,-1,376VHG140BM4B39012301
<< 15.03.2019 20:58:55 >>,7,#71670,Clip,-1,376VHG140BM4B39012301
<< 15.03.2019 20:58:55 >>,12,X13_4B,Dichtpr?fung,-1,376VHG140BM4B39012301
<< 15.03.2019 20:58:55 >>,0,#73111,8B002363,-1,376VHG140BM4B39012301
,,,,,
,,,,,
,,,,,
,,,,,
<< 15.03.2019 21:00:45 >>,10,A46_3B,,54,376VHG140BM4B39012301
<< 15.03.2019 21:00:47 >>,1,#9080,Clip,-1,376VHG140BM4B39012301
<< 15.03.2019 21:00:47 >>,1,#9080,Clip,-1,376VHG140BM4B39012301
,,,,,
<< 15.03.2019 21:00:59 >>,8,X1398_1B,CPA,-1,376VHG140BM4B39012301
<< 15.03.2019 21:00:59 >>,0,#73111,8B002363,-1,376VHG140BM4B39012301
,,,,,
,,,,,
,,,,,
<< 15.03.2019 21:02:46 >>,7,B537_1B,,3,376VHG140BM4B39012301
<< 15.03.2019 21:02:46 >>,1,A46_3B,,35,376VHG140BM4B39012301
<< 15.03.2019 21:04:39 >>,101,A46_3B,Sekund?rverriegelung2,-1,376VHG140BM4B39012301
<< 15.03.2019 21:04:39 >>,1,#73111,8B002363,-1,376VHG140BM4B39012301
<< 15.03.2019 21:04:39 >>,101,A46_3B,Sekund?rverriegelung2,-1,376VHG140BM4B39012301
,,,,,
<< 15.03.2019 21:04:44 >>,1,#73111,8B002363,-1,376VHG140BM4B39012301
,,,,,
,,,,,
,,,,,
<< 15.03.2019 21:06:56 >>,1,#73111,8B002363,-1,376VHG140BM4B39012301
,,,,,
,,,,,
,,,,,
<< 15.03.2019 21:09:37 >>,1,#71670,Clip,-1,376VHG140BM4B39012301
<< 15.03.2019 21:09:37 >>,1,M253_1B,Kappe1,-1,376VHG140BM4B39012301
<< 15.03.2019 21:09:37 >>,0,#73111,8B002363,-1,376VHG140BM4B39012301
,,,,,
,,,,,
,,,,,
<< 15.03.2019 21:11:33 >>,26,A46_3B,,24,376VHG140BM4B39012301
<< 15.03.2019 21:11:33 >>,26,A46_3B,,24,376VHG140BM4B39012301
,,,,,
,,,,,
<< 15.03.2019 21:13:53 >>,4,M253_1B,,1,376VHG140BM4B39012301
<< 15.03.2019 21:13:53 >>,9,A46_3B,,54,376VHG140BM4B39012301
<< 15.03.2019 21:14:23 >>,2,#73111,8B002363,-1,376VHG140BM4B39012301
<< 15.03.2019 21:14:23 >>,2,#9080,Clip,-1,376VHG140BM4B39012301
<< 15.03.2019 21:14:23 >>,8,M253_1B,CPA,-1,376VHG140BM4B39012301
<< 15.03.2019 21:14:23 >>,11,X1398_1B,CPA,-1,376VHG140BM4B39012301
<< 15.03.2019 21:14:23 >>,2,#73111,8B002363,-1,376VHG140BM4B39012301
,,,,,
,,,,,
,,,,,
,,,,,
<< 15.03.2019 21:16:21 >>,0,#73111,8B002363,-1,376VHG140BM4B39012301
,,,,,
,,,,,
,,,,,
<< 15.03.2019 21:17:47 >>,3,A46_3B,,30,376VHG140BM4B39012301
<< 15.03.2019 21:17:49 >>,0,#73111,8B002363,-1,376VHG140BM4B39012301
,,,,,
,,,,,
,,,,,
<< 15.03.2019 21:20:05 >>,4,B537_1B,,1,376VHG140BM4B39012301
<< 15.03.2019 21:20:05 >>,2,A46_3B,,54,376VHG140BM4B39012301
<< 15.03.2019 21:20:13 >>,1,#9080,Clip,-1,376VHG140BM4B39012301
<< 15.03.2019 21:20:13 >>,5,X1398_1B,CPA,-1,376VHG140BM4B39012301
,,,,,
,,,,,
,,,,,
<< 15.03.2019 21:22:03 >>,0,#9080,Clip,-1,376VHG140BM4B39012301
<< 15.03.2019 21:22:03 >>,1,#73111,8B002363,-1,376VHG140BM4B39012301
,,,,,
,,,,,
,,,,,
<< 15.03.2019 21:24:29 >>,1,#73111,8B002363,-1,376VHG140BM4B39012301
,,,,,
,,,,,
,,,,,
<< 15.03.2019 21:26:41 >>,1,X1398_1B,,4,376VHG140BM4B39012301
<< 15.03.2019 21:26:41 >>,10,M253_1B,,3,376VHG140BM4B39012301
<< 15.03.2019 21:26:41 >>,1,X1398_1B,,4,376VHG140BM4B39012301
<< 15.03.2019 21:26:41 >>,1,A46_3B,,49,376VHG140BM4B39012301
,,,,,
<< 15.03.2019 21:26:45 >>,0,X1398_1B,,4,376VHG140BM4B39012301
<< 15.03.2019 21:26:45 >>,1,A46_3B,,54,376VHG140BM4B39012301
<< 15.03.2019 21:27:01 >>,3,#89982,Verrastung,-1,376VHG140BM4B39012301
<< 15.03.2019 21:27:01 >>,4,X13_4B,Dichtpr?fung,-1,376VHG140BM4B39012301
<< 15.03.2019 21:27:01 >>,6,X1398_1B,CPA,-1,376VHG140BM4B39012301
<< 15.03.2019 21:27:01 >>,0,#73111,8B002363,-1,376VHG140BM4B39012301
,,,,,
,,,,,
,,,,,
<< 15.03.2019 21:29:58 >>,6,A46_3B,,16,376VHG140BM4B39012301
<< 15.03.2019 21:30:00 >>,1,#73111,8B002363,-1,376VHG140BM4B39012301
,,,,,
,,,,,
,,,,,
<< 15.03.2019 21:32:13 >>,10,A46_3B,,16,376VHG140BM4B39012301
<< 15.03.2019 21:32:17 >>,1,X13_4B,Dichtpr?fung,-1,376VHG140BM4B39012301
<< 15.03.2019 21:32:17 >>,1,X13_4B,Dichtpr?fung,-1,376VHG140BM4B39012301
,,,,,
<< 15.03.2019 21:32:26 >>,5,X13_4B,Dichtpr?fung,-1,376VHG140BM4B39012301
,,,,,
,,,,,
,,,,,
<< 15.03.2019 21:34:10 >>,0,#9080,Clip,-1,376VHG140BM4B39012301
<< 15.03.2019 21:34:10 >>,2,#73111,8B002363,-1,376VHG140BM4B39012301
,,,,,
,,,,,
,,,,,
<< 15.03.2019 21:36:10 >>,0,#9080,Clip,-1,376VHG140BM4B39012301
<< 15.03.2019 21:36:10 >>,0,#73111,8B002363,-1,376VHG140BM4B39012301
,,,,,
,,,,,
,,,,,
<< 15.03.2019 21:38:04 >>,1,M253_1B,Kappe1,-1,376VHG140BM4B39012301
<< 15.03.2019 21:38:04 >>,1,#73111,8B002363,-1,376VHG140BM4B39012301
,,,,,
,,,,,
,,,,,
<< 15.03.2019 21:40:23 >>,2,#73111,8B002363,-1,376VHG140BM4B39012301
,,,,,
,,,,,
,,,,,
<< 15.03.2019 21:44:20 >>,5,X1398_1B,,4,376VHG140BM4B39012301
<< 15.03.2019 21:44:20 >>,0,A46_3B,,59,376VHG140BM4B39012301
<< 15.03.2019 21:44:25 >>,1,#9080,Clip,-1,376VHG140BM4B39012301
<< 15.03.2019 21:44:25 >>,2,M253_1B,Kappe1,-1,376VHG140BM4B39012301
<< 15.03.2019 21:44:25 >>,0,#73111,8B002363,-1,376VHG140BM4B39012301
,,,,,
,,,,,
,,,,,
<< 15.03.2019 21:46:41 >>,7,X13_4B,Dichtpr?fung,-1,376VHG140BM4B39012301
<< 15.03.2019 21:46:41 >>,1,#73111,8B002363,-1,376VHG140BM4B39012301
,,,,,
,,,,,
,,,,,
<< 15.03.2019 21:48:09 >>,0,#71675,Clip,-1,376VHG140BM4B39012301
<< 15.03.2019 21:48:09 >>,1,#9080,Clip,-1,376VHG140BM4B39012301
<< 15.03.2019 21:48:09 >>,7,X13_4B,Dichtpr?fung,-1,376VHG140BM4B39012301
,,,,,
,,,,,
,,,,,
<< 15.03.2019 21:49:43 >>,5,X13_4B,Dichtpr?fung,-1,376VHG140BM4B39012301
<< 15.03.2019 21:49:43 >>,0,#73111,8B002363,-1,376VHG140BM4B39012301
,,,,,
,,,,,
,,,,,
<< 15.03.2019 21:51:15 >>,5,X13_4B,Dichtpr?fung,-1,376VHG140BM4B39012301
<< 15.03.2019 21:51:15 >>,0,#73111,8B002363,-1,376VHG140BM4B39012301
,,,,,
,,,,,
,,,,,
<< 15.03.2019 21:54:46 >>,1,X1398_1B,,4,376VHG140BM4B39012301
<< 15.03.2019 21:54:59 >>,2,#9080,Clip,-1,376VHG140BM4B39012301
<< 15.03.2019 21:54:59 >>,4,X13_4B,Dichtpr?fung,-1,376VHG140BM4B39012301
<< 15.03.2019 21:54:59 >>,5,X1398_1B,CPA,-1,376VHG140BM4B39012301
<< 15.03.2019 21:54:59 >>,0,#73111,8B002363,-1,376VHG140BM4B39012301
,,,,,
,,,,,
,,,,,
<< 15.03.2019 21:56:29 >>,1,#9080,Clip,-1,376VHG140BM4B39012301
<< 15.03.2019 21:56:29 >>,5,X13_4B,Dichtpr?fung,-1,376VHG140BM4B39012301
<< 15.03.2019 21:56:29 >>,1,#73111,8B002363,-1,376VHG140BM4B39012301
